"現住人口之年齡分配-年 依 年底別, 鄉鎮市別, 性別 與 指標"

" "," "," "," 全年齡"," 0─4歲"," 5─9歲"," 10─14歲"," 15─19歲"," 20─24歲"," 25─29歲"," 30─34歲"," 35─39歲"," 40─44歲"," 45─49歲"," 50─54歲"," 55─59歲"," 60─64歲"," 65─69歲"," 70─74歲"," 75─79歲"," 80─84歲"," 85─89歲"," 90─94歲"," 95─99歲"," 100歲以上"
" 民國88年底"
" "," 合計"
" "," "," 合計",544038,37608,38352,37898,46998,47228,42751,44107,45408,41307,35703,24095,23484,23478,20762,16622,10006,5184,2332,607,96,12
" "," "," 男",284252,19508,20028,19588,24130,24462,22378,24009,24698,22220,19193,12386,11985,11886,10624,8722,4844,2318,1005,232,32,4
" "," "," 女",259786,18100,18324,18310,22868,22766,20373,20098,20710,19087,16510,11709,11499,11592,10138,7900,5162,2866,1327,375,64,8
" "," 南投市"
" "," "," 合計",104723,6666,8439,8763,9958,8896,7472,8182,8966,8367,7103,4433,3993,3812,3389,2921,1837,933,441,127,22,3
" "," "," 男",53477,3412,4476,4547,5129,4591,3814,4082,4426,4212,3652,2219,1920,1860,1735,1673,986,474,210,52,6,1
" "," "," 女",51246,3254,3963,4216,4829,4305,3658,4100,4540,4155,3451,2214,2073,1952,1654,1248,851,459,231,75,16,2
" "," 埔里鎮"
" "," "," 合計",87933,5930,6114,6145,7425,7687,6939,7123,7585,7038,6106,4058,3722,3561,3100,2692,1562,751,301,75,17,2
" "," "," 男",45324,3032,3168,3130,3841,3918,3548,3778,3986,3613,3122,2073,1879,1739,1628,1505,837,365,131,25,5,1
" "," "," 女",42609,2898,2946,3015,3584,3769,3391,3345,3599,3425,2984,1985,1843,1822,1472,1187,725,386,170,50,12,1
" "," 草屯鎮"
" "," "," 合計",97280,6693,7584,7287,9012,8629,7499,7927,8308,7608,6596,4265,3927,3836,3235,2380,1309,724,356,85,18,2
" "," "," 男",49736,3497,3946,3796,4568,4415,3777,4018,4282,3889,3508,2209,2024,1956,1651,1141,601,288,134,30,6,-
" "," "," 女",47544,3196,3638,3491,4444,4214,3722,3909,4026,3719,3088,2056,1903,1880,1584,1239,708,436,222,55,12,2
" "," 竹山鎮"
" "," "," 合計",61811,4057,3955,4258,5521,5871,5084,4800,4792,4325,4076,2939,2892,2884,2470,1831,1099,611,285,57,3,1
" "," "," 男",32240,2114,2098,2217,2837,3057,2709,2642,2649,2286,2124,1502,1503,1477,1253,920,476,239,113,22,2,-
" "," "," 女",29571,1943,1857,2041,2684,2814,2375,2158,2143,2039,1952,1437,1389,1407,1217,911,623,372,172,35,1,1
" "," 集集鎮"
" "," "," 合計",12335,948,763,604,843,926,1058,1041,1001,813,691,585,639,738,638,446,324,165,87,21,4,-
" "," "," 男",6577,480,389,308,434,510,522,629,596,506,390,305,321,378,345,222,149,53,31,7,2,-
" "," "," 女",5758,468,374,296,409,416,536,412,405,307,301,280,318,360,293,224,175,112,56,14,2,-
" "," 名間鄉"
" "," "," 合計",42768,3171,2852,2762,3426,3652,3594,3586,3425,3021,2672,1860,1981,2022,1815,1306,857,461,226,69,10,-
" "," "," 男",22625,1636,1467,1423,1790,1911,1897,1962,1978,1719,1463,928,1092,1087,924,661,360,208,90,25,4,-
" "," "," 女",20143,1535,1385,1339,1636,1741,1697,1624,1447,1302,1209,932,889,935,891,645,497,253,136,44,6,-
" "," 鹿谷鄉"
" "," "," 合計",21062,1433,1272,1235,1623,1831,1602,1642,1792,1561,1291,908,984,1096,1021,830,507,273,128,31,2,-
" "," "," 男",11210,745,642,639,837,941,856,955,1071,933,760,471,515,545,480,392,226,126,54,20,2,-
" "," "," 女",9852,688,630,596,786,890,746,687,721,628,531,437,469,551,541,438,281,147,74,11,-,-
" "," 中寮鄉"
" "," "," 合計",17925,1303,893,841,1225,1377,1438,1631,1469,1230,1018,849,969,1076,960,732,496,279,112,23,4,-
" "," "," 男",9857,724,480,412,630,697,771,1034,938,744,642,463,490,578,485,368,218,123,50,10,-,-
" "," "," 女",8068,579,413,429,595,680,667,597,531,486,376,386,479,498,475,364,278,156,62,13,4,-
" "," 魚池鄉"
" "," "," 合計",17910,1266,1037,859,1279,1503,1463,1420,1399,1288,1191,860,885,972,939,701,484,223,99,33,8,1
" "," "," 男",9732,690,542,466,655,781,794,846,843,765,684,480,471,502,487,324,243,99,47,10,3,-
" "," "," 女",8178,576,495,393,624,722,669,574,556,523,507,380,414,470,452,377,241,124,52,23,5,1
" "," 國姓鄉"
" "," "," 合計",24173,1866,1443,1314,1697,1886,2116,2185,1989,1710,1468,1111,1191,1294,1117,906,498,252,100,27,3,-
" "," "," 男",13249,989,769,680,846,999,1171,1373,1195,1053,852,572,610,670,583,486,229,119,42,11,-,-
" "," "," 女",10924,877,674,634,851,887,945,812,794,657,616,539,581,624,534,420,269,133,58,16,3,-
" "," 水里鄉"
" "," "," 合計",22996,1351,1367,1502,1913,1997,1808,1774,1750,1780,1564,988,1224,1163,1054,890,488,251,99,29,3,1
" "," "," 男",12149,695,699,756,986,1084,1015,1012,984,957,870,487,608,579,527,461,257,109,51,9,2,1
" "," "," 女",10847,656,668,746,927,913,793,762,766,823,694,501,616,584,527,429,231,142,48,20,1,-
" "," 信義鄉"
" "," "," 合計",17750,1535,1531,1425,1651,1525,1440,1482,1560,1347,963,602,591,552,548,473,290,157,52,23,2,1
" "," "," 男",9741,795,776,762,847,797,811,878,955,854,576,316,306,308,272,248,137,66,27,10,-,-
" "," "," 女",8009,740,755,663,804,728,629,604,605,493,387,286,285,244,276,225,153,91,25,13,2,1
" "," 仁愛鄉"
" "," "," 合計",15372,1389,1102,903,1425,1448,1238,1314,1372,1219,964,637,486,472,476,514,255,104,46,7,-,1
" "," "," 男",8335,699,576,452,730,761,693,800,795,689,550,361,246,207,254,321,125,49,25,1,-,1
" "," "," 女",7037,690,526,451,695,687,545,514,577,530,414,276,240,265,222,193,130,55,21,6,-,-
" 民國89年底"
" "," 合計"
" "," "," 合計",541537,36130,37507,37235,45393,47827,41319,43003,44889,41785,37160,26318,22012,23573,20834,17156,10727,5396,2460,700,98,15
" "," "," 男",282873,18744,19465,19395,23315,24760,21659,23326,24441,22554,19915,13694,11238,11897,10547,8898,5269,2386,1062,272,33,3
" "," "," 女",258664,17386,18042,17840,22078,23067,19660,19677,20448,19231,17245,12624,10774,11676,10287,8258,5458,3010,1398,428,65,12
" "," 南投市"
" "," "," 合計",104460,6408,8106,8556,9735,9139,7451,7871,8814,8412,7437,4989,3780,3839,3366,3003,1901,1004,467,157,20,5
" "," "," 男",53304,3275,4291,4494,4976,4759,3805,3952,4339,4198,3799,2534,1842,1835,1679,1667,1043,513,233,65,4,1
" "," "," 女",51156,3133,3815,4062,4759,4380,3646,3919,4475,4214,3638,2455,1938,2004,1687,1336,858,491,234,92,16,4
" "," 埔里鎮"
" "," "," 合計",87526,5716,6004,6136,7093,7766,6756,6939,7492,7110,6342,4334,3583,3567,3054,2750,1683,773,319,89,17,3
" "," "," 男",45066,2940,3107,3194,3620,3975,3446,3664,3936,3653,3216,2241,1802,1770,1539,1523,896,368,141,29,5,1
" "," "," 女",42460,2776,2897,2942,3473,3791,3310,3275,3556,3457,3126,2093,1781,1797,1515,1227,787,405,178,60,12,2
" "," 草屯鎮"
" "," "," 合計",97740,6420,7529,7340,8659,8948,7277,7904,8149,7744,6969,4748,3663,3883,3319,2536,1429,740,359,107,16,1
" "," "," 男",49937,3356,3863,3801,4443,4621,3675,3958,4221,3949,3662,2478,1911,1932,1710,1213,667,301,133,38,5,-
" "," "," 女",47803,3064,3666,3539,4216,4327,3602,3946,3928,3795,3307,2270,1752,1951,1609,1323,762,439,226,69,11,1
" "," 竹山鎮"
" "," "," 合計",61209,3955,3818,4063,5280,5899,4871,4735,4719,4321,4165,3198,2695,2910,2505,1876,1197,624,307,66,5,-
" "," "," 男",31960,2069,2009,2142,2712,3063,2620,2589,2614,2315,2166,1645,1401,1498,1274,918,537,243,118,25,2,-
" "," "," 女",29249,1886,1809,1921,2568,2836,2251,2146,2105,2006,1999,1553,1294,1412,1231,958,660,381,189,41,3,-
" "," 集集鎮"
" "," "," 合計",12279,915,756,634,801,917,983,1029,997,863,709,630,574,727,659,473,333,170,84,21,4,-
" "," "," 男",6528,462,362,317,423,492,496,614,595,535,393,342,288,365,359,235,160,52,29,7,2,-
" "," "," 女",5751,453,394,317,378,425,487,415,402,328,316,288,286,362,300,238,173,118,55,14,2,-
" "," 名間鄉"
" "," "," 合計",42847,3104,2876,2689,3344,3663,3465,3524,3465,3095,2781,2009,1865,2009,1867,1360,911,499,235,73,12,1
" "," "," 男",22697,1631,1481,1375,1771,1861,1822,1954,1977,1772,1580,992,1010,1089,947,690,399,216,97,27,6,-
" "," "," 女",20150,1473,1395,1314,1573,1802,1643,1570,1488,1323,1201,1017,855,920,920,670,512,283,138,46,6,1
" "," 鹿谷鄉"
" "," "," 合計",20801,1334,1224,1204,1560,1815,1560,1560,1724,1614,1357,955,929,1077,1026,873,531,290,133,32,3,-
" "," "," 男",11078,685,623,619,809,921,827,913,1025,980,804,497,488,557,474,414,244,121,54,20,3,-
" "," "," 女",9723,649,601,585,751,894,733,647,699,634,553,458,441,520,552,459,287,169,79,12,-,-
" "," 中寮鄉"
" "," "," 合計",17688,1300,856,820,1176,1327,1310,1574,1509,1243,1063,873,880,1092,953,760,521,281,122,23,4,1
" "," "," 男",9741,732,460,410,586,683,711,960,969,773,660,496,461,574,474,381,228,118,54,10,1,-
" "," "," 女",7947,568,396,410,590,644,599,614,540,470,403,377,419,518,479,379,293,163,68,13,3,1
" "," 魚池鄉"
" "," "," 合計",17713,1236,972,846,1231,1491,1388,1372,1381,1300,1201,961,828,960,917,746,493,235,113,35,5,2
" "," "," 男",9620,648,514,447,640,755,761,816,852,779,688,549,434,494,486,351,234,105,53,11,3,-
" "," "," 女",8093,588,458,399,591,736,627,556,529,521,513,412,394,466,431,395,259,130,60,24,2,2
" "," 國姓鄉"
" "," "," 合計",23675,1677,1426,1305,1636,1852,1929,2060,2028,1718,1479,1154,1117,1301,1107,931,561,244,113,34,3,-
" "," "," 男",13005,881,743,697,834,979,1061,1289,1257,1048,860,610,559,678,569,494,265,118,48,15,-,-
" "," "," 女",10670,796,683,608,802,873,868,771,771,670,619,544,558,623,538,437,296,126,65,19,3,-
" "," 水里鄉"
" "," "," 合計",22632,1295,1313,1381,1865,1985,1748,1701,1691,1779,1565,1101,1075,1193,1068,906,554,264,111,31,5,1
" "," "," 男",11952,665,673,697,958,1074,972,980,954,960,877,549,517,607,522,471,295,111,53,14,2,1
" "," "," 女",10680,630,640,684,907,911,776,721,737,819,688,552,558,586,546,435,259,153,58,17,3,-
" "," 信義鄉"
" "," "," 合計",17673,1443,1509,1391,1657,1528,1376,1472,1527,1386,1054,662,552,553,538,463,324,162,49,22,4,1
" "," "," 男",9709,733,763,767,843,810,771,863,906,903,629,364,284,293,285,235,158,69,23,10,-,-
" "," "," 女",7964,710,746,624,814,718,605,609,621,483,425,298,268,260,253,228,166,93,26,12,4,1
" "," 仁愛鄉"
" "," "," 合計",15294,1327,1118,870,1356,1497,1205,1262,1393,1200,1038,704,471,462,455,479,289,110,48,10,-,-
" "," "," 男",8276,667,576,435,700,767,692,774,796,689,581,397,241,205,229,306,143,51,26,1,-,-
" "," "," 女",7018,660,542,435,656,730,513,488,597,511,457,307,230,257,226,173,146,59,22,9,-,-
" 民國90年底"
" "," 合計"
" "," "," 合計",541818,34449,37452,37537,42824,47729,41920,41853,44493,42584,37767,29262,21097,23800,20646,17681,11303,5985,2511,790,116,19
" "," "," 男",282669,17836,19351,19627,22039,24557,21991,22626,24276,22980,20246,15250,10804,11986,10346,9073,5606,2637,1093,297,42,6
" "," "," 女",259149,16613,18101,17910,20785,23172,19929,19227,20217,19604,17521,14012,10293,11814,10300,8608,5697,3348,1418,493,74,13
" "," 南投市"
" "," "," 合計",104563,6098,7965,8695,9226,9372,7591,7585,8563,8589,7516,5593,3693,3930,3346,3010,2011,1126,448,181,21,4
" "," "," 男",53277,3149,4119,4606,4720,4832,3886,3885,4223,4273,3857,2800,1804,1877,1637,1625,1110,559,235,73,6,1
" "," "," 女",51286,2949,3846,4089,4506,4540,3705,3700,4340,4316,3659,2793,1889,2053,1709,1385,901,567,213,108,15,3
" "," 埔里鎮"
" "," "," 合計",87519,5403,6016,6220,6656,7718,6789,6875,7388,7131,6441,4843,3548,3537,3076,2736,1811,862,346,98,19,6
" "," "," 男",44958,2780,3071,3242,3439,3950,3485,3551,3891,3680,3251,2478,1787,1775,1496,1507,971,417,145,34,6,2
" "," "," 女",42561,2623,2945,2978,3217,3768,3304,3324,3497,3451,3190,2365,1761,1762,1580,1229,840,445,201,64,13,4
" "," 草屯鎮"
" "," "," 合計",98180,6155,7467,7400,8121,9081,7495,7761,8090,7905,7109,5322,3511,3918,3324,2670,1539,803,359,119,28,3
" "," "," 男",50180,3226,3848,3871,4127,4673,3828,3889,4182,4027,3702,2795,1864,1919,1711,1305,699,321,145,39,8,1
" "," "," 女",48000,2929,3619,3529,3994,4408,3667,3872,3908,3878,3407,2527,1647,1999,1613,1365,840,482,214,80,20,2
" "," 竹山鎮"
" "," "," 合計",61068,3838,3807,4076,4912,5760,4990,4606,4658,4424,4100,3585,2546,2976,2496,1979,1220,688,317,83,7,-
" "," "," 男",31847,1989,1995,2140,2544,2932,2705,2528,2577,2389,2144,1846,1295,1532,1272,964,569,279,116,30,1,-
" "," "," 女",29221,1849,1812,1936,2368,2828,2285,2078,2081,2035,1956,1739,1251,1444,1224,1015,651,409,201,53,6,-
" "," 集集鎮"
" "," "," 合計",12302,852,780,651,781,901,931,1035,973,915,743,669,530,732,666,490,347,187,91,26,2,-
" "," "," 男",6532,429,402,305,405,473,475,613,576,560,419,370,266,375,344,248,165,67,30,9,1,-
" "," "," 女",5770,423,378,346,376,428,456,422,397,355,324,299,264,357,322,242,182,120,61,17,1,-
" "," 名間鄉"
" "," "," 合計",42900,2973,2867,2665,3186,3640,3513,3421,3468,3186,2824,2245,1751,2036,1865,1451,933,558,232,73,13,-
" "," "," 男",22735,1579,1435,1388,1700,1856,1846,1895,1947,1843,1615,1141,928,1090,952,732,422,235,99,25,7,-
" "," "," 女",20165,1394,1432,1277,1486,1784,1667,1526,1521,1343,1209,1104,823,946,913,719,511,323,133,48,6,-
" "," 鹿谷鄉"
" "," "," 合計",20597,1276,1202,1147,1487,1747,1546,1496,1700,1639,1362,1072,847,1093,1011,919,558,309,142,38,6,-
" "," "," 男",10985,635,626,593,777,891,812,863,1007,998,818,574,438,576,469,438,262,123,58,23,4,-
" "," "," 女",9612,641,576,554,710,856,734,633,693,641,544,498,409,517,542,481,296,186,84,15,2,-
" "," 中寮鄉"
" "," "," 合計",17680,1249,867,847,1110,1288,1322,1483,1541,1320,1067,926,831,1058,969,775,550,306,137,32,2,-
" "," "," 男",9684,689,461,436,560,653,701,896,982,811,661,533,444,540,499,374,245,125,57,16,1,-
" "," "," 女",7996,560,406,411,550,635,621,587,559,509,406,393,387,518,470,401,305,181,80,16,1,-
" "," 魚池鄉"
" "," "," 合計",17833,1193,985,877,1129,1479,1458,1310,1416,1327,1238,1028,824,956,895,784,512,267,106,42,3,4
" "," "," 男",9618,609,522,445,576,760,774,767,879,788,714,578,443,504,465,369,239,121,49,14,1,1
" "," "," 女",8215,584,463,432,553,719,684,543,537,539,524,450,381,452,430,415,273,146,57,28,2,3
" "," 國姓鄉"
" "," "," 合計",23401,1567,1440,1308,1568,1730,1866,1976,2068,1722,1545,1232,1033,1310,1022,984,590,281,119,32,8,-
" "," "," 男",12871,794,770,716,798,915,1028,1211,1311,1056,890,662,524,672,527,513,283,130,53,14,4,-
" "," "," 女",10530,773,670,592,770,815,838,765,757,666,655,570,509,638,495,471,307,151,66,18,4,-
" "," 水里鄉"
" "," "," 合計",22479,1215,1337,1350,1739,1974,1740,1680,1674,1757,1622,1213,962,1221,1022,948,569,302,113,37,3,1
" "," "," 男",11882,625,695,687,900,1056,960,969,954,971,885,617,480,609,500,475,298,129,57,12,2,1
" "," "," 女",10597,590,642,663,839,918,780,711,720,786,737,596,482,612,522,473,271,173,56,25,1,-
" "," 信義鄉"
" "," "," 合計",17811,1341,1562,1398,1626,1542,1427,1421,1504,1428,1112,747,550,554,538,480,325,179,53,20,3,1
" "," "," 男",9741,672,807,747,837,789,796,828,899,912,671,412,284,300,279,245,156,77,23,6,1,-
" "," "," 女",8070,669,755,651,789,753,631,593,605,516,441,335,266,254,259,235,169,102,30,14,2,1
" "," 仁愛鄉"
" "," "," 合計",15485,1289,1157,903,1283,1497,1252,1204,1450,1241,1088,787,471,479,416,455,338,117,48,9,1,-
" "," "," 男",8359,660,600,451,656,777,695,731,848,672,619,444,247,217,195,278,187,54,26,2,-,-
" "," "," 女",7126,629,557,452,627,720,557,473,602,569,469,343,224,262,221,177,151,63,22,7,1,-
" 民國91年底"
" "," 合計"
" "," "," 合計",541292,32712,37241,37818,40656,47948,42109,41177,43094,43502,38181,31699,20774,23597,20875,17929,11975,6376,2649,836,127,17
" "," "," 男",282173,16978,19157,19791,20957,24706,22024,22159,23526,23434,20398,16722,10578,11933,10378,9051,6013,2871,1108,329,53,7
" "," "," 女",259119,15734,18084,18027,19699,23242,20085,19018,19568,20068,17783,14977,10196,11664,10497,8878,5962,3505,1541,507,74,10
" "," 南投市"
" "," "," 合計",105061,5785,7914,8850,8764,9596,7739,7547,8259,8816,7596,6146,3695,3921,3388,3008,2152,1194,481,176,30,4
" "," "," 男",53447,2961,4069,4713,4474,4961,3982,3854,4072,4370,3860,3115,1817,1855,1640,1574,1191,606,241,76,15,1
" "," "," 女",51614,2824,3845,4137,4290,4635,3757,3693,4187,4446,3736,3031,1878,2066,1748,1434,961,588,240,100,15,3
" "," 埔里鎮"
" "," "," 合計",87417,5081,6150,6185,6384,7671,6841,6738,7160,7206,6447,5281,3514,3594,3110,2703,1921,935,372,102,17,5
" "," "," 男",44851,2673,3116,3212,3272,3922,3522,3477,3754,3743,3271,2674,1752,1821,1489,1437,1052,464,156,37,6,1
" "," "," 女",42566,2408,3034,2973,3112,3749,3319,3261,3406,3463,3176,2607,1762,1773,1621,1266,869,471,216,65,11,4
" "," 草屯鎮"
" "," "," 合計",98617,5908,7333,7535,7758,9162,7678,7632,7956,8024,7198,5761,3590,3902,3411,2698,1695,845,374,129,26,2
" "," "," 男",50389,3091,3746,3964,4031,4685,3916,3851,4081,4073,3727,3005,1883,1947,1747,1320,780,344,141,45,11,1
" "," "," 女",48228,2817,3587,3571,3727,4477,3762,3781,3875,3951,3471,2756,1707,1955,1664,1378,915,501,233,84,15,1
" "," 竹山鎮"
" "," "," 合計",60782,3647,3834,4007,4617,5699,5054,4561,4439,4532,4102,3767,2530,2911,2578,2055,1293,730,328,92,6,-
" "," "," 男",31688,1895,2004,2121,2376,2924,2746,2489,2438,2431,2147,1975,1292,1506,1281,1005,608,305,109,34,2,-
" "," "," 女",29094,1752,1830,1886,2241,2775,2308,2072,2001,2101,1955,1792,1238,1405,1297,1050,685,425,219,58,4,-
" "," 集集鎮"
" "," "," 合計",12328,813,822,687,736,907,892,1010,1002,940,730,729,483,720,658,524,346,200,95,29,5,-
" "," "," 男",6514,404,404,339,360,486,466,561,598,562,417,416,237,371,344,265,162,78,30,11,3,-
" "," "," 女",5814,409,418,348,376,421,426,449,404,378,313,313,246,349,314,259,184,122,65,18,2,-
" "," 名間鄉"
" "," "," 合計",42774,2794,2829,2708,3060,3631,3448,3373,3380,3338,2828,2417,1659,2017,1865,1534,952,594,252,84,10,1
" "," "," 男",22652,1474,1434,1422,1614,1867,1797,1843,1885,1953,1605,1259,858,1090,959,757,449,244,104,31,6,1
" "," "," 女",20122,1320,1395,1286,1446,1764,1651,1530,1495,1385,1223,1158,801,927,906,777,503,350,148,53,4,-
" "," 鹿谷鄉"
" "," "," 合計",20428,1181,1158,1127,1439,1742,1556,1450,1585,1693,1394,1177,803,1053,1010,942,590,332,153,38,4,1
" "," "," 男",10877,586,604,572,747,884,800,850,929,1025,829,654,407,569,474,442,289,132,59,22,2,1
" "," "," 女",9551,595,554,555,692,858,756,600,656,668,565,523,396,484,536,500,301,200,94,16,2,-
" "," 中寮鄉"
" "," "," 合計",17394,1180,859,841,1020,1249,1266,1425,1476,1375,1092,961,793,1013,983,791,571,316,135,43,5,-
" "," "," 男",9559,649,467,436,508,633,658,851,969,848,664,570,433,512,505,391,250,131,59,24,1,-
" "," "," 女",7835,531,392,405,512,616,608,574,507,527,428,391,360,501,478,400,321,185,76,19,4,-
" "," 魚池鄉"
" "," "," 合計",17806,1145,1017,904,1019,1466,1454,1313,1358,1351,1268,1116,797,941,845,832,513,308,110,41,6,2
" "," "," 男",9577,579,538,473,515,758,757,766,833,808,728,625,434,495,429,412,221,147,45,12,1,1
" "," "," 女",8229,566,479,431,504,708,697,547,525,543,540,491,363,446,416,420,292,161,65,29,5,1
" "," 國姓鄉"
" "," "," 合計",23136,1495,1368,1313,1484,1710,1772,1969,1978,1761,1558,1333,988,1253,1083,984,634,291,118,37,7,-
" "," "," 男",12743,771,722,691,783,882,985,1185,1297,1079,893,751,489,645,556,506,304,137,48,16,3,-
" "," "," 女",10393,724,646,622,701,828,787,784,681,682,665,582,499,608,527,478,330,154,70,21,4,-
" "," 水里鄉"
" "," "," 合計",22276,1161,1292,1333,1658,1963,1712,1649,1646,1698,1661,1320,907,1216,1017,952,603,325,120,40,2,1
" "," "," 男",11799,618,671,656,849,1061,927,967,950,934,904,703,457,594,502,466,311,156,61,11,-,1
" "," "," 女",10477,543,621,677,809,902,785,682,696,764,757,617,450,622,515,486,292,169,59,29,2,-
" "," 信義鄉"
" "," "," 合計",17761,1268,1517,1432,1539,1585,1425,1371,1459,1478,1172,810,535,572,518,470,344,185,59,15,6,1
" "," "," 男",9710,631,796,732,825,812,774,796,879,909,716,471,270,305,271,228,182,77,27,6,3,-
" "," "," 女",8051,637,721,700,714,773,651,575,580,569,456,339,265,267,247,242,162,108,32,9,3,1
" "," 仁愛鄉"
" "," "," 合計",15512,1254,1148,896,1178,1567,1272,1139,1396,1290,1135,881,480,484,409,436,361,121,52,10,3,-
" "," "," 男",8367,646,586,460,603,831,694,669,841,699,637,504,249,223,181,248,214,50,28,4,-,-
" "," "," 女",7145,608,562,436,575,736,578,470,555,591,498,377,231,261,228,188,147,71,24,6,3,-
" 民國92年底"
" "," 合計"
" "," "," 合計",540397,31566,35759,37291,39505,47650,42856,39837,42156,44140,39094,33303,21640,23140,21044,18100,12638,6797,2790,930,143,18
" "," "," 男",281528,16380,18411,19480,20330,24620,22433,21253,23009,23770,20857,17660,11082,11644,10523,9039,6357,3063,1174,378,59,6
" "," "," 女",258869,15186,17348,17811,19175,23030,20423,18584,19147,20370,18237,15643,10558,11496,10521,9061,6281,3734,1616,552,84,12
" "," 南投市"
" "," "," 合計",86668,5520,7587,8698,8622,9703,8046,7221,8046,8887,7796,6542,3919,3913,3406,3042,2274,1278,522,194,36,5
" "," "," 男",44260,2874,3879,4617,4431,5021,4165,3653,3977,4388,3944,3311,1951,1846,1657,1536,1251,664,267,89,16,2
" "," "," 女",42408,2646,3708,4081,4191,4682,3881,3568,4069,4499,3852,3231,1968,2067,1749,1506,1023,614,255,105,20,3
" "," 埔里鎮"
" "," "," 合計",70743,4809,6047,6171,6168,7543,7025,6555,6948,7322,6572,5583,3631,3580,3138,2678,2018,1004,409,125,20,4
" "," "," 男",36332,2490,3070,3213,3115,3911,3589,3367,3635,3795,3357,2790,1840,1805,1518,1391,1088,501,170,50,7,1
" "," "," 女",34411,2319,2977,2958,3053,3632,3436,3188,3313,3527,3215,2793,1791,1775,1620,1287,930,503,239,75,13,3
" "," 草屯鎮"
" "," "," 合計",81896,5753,7021,7517,7580,9130,7948,7452,7805,8246,7255,6189,3779,3850,3480,2812,1790,901,382,138,28,3
" "," "," 男",42163,2992,3630,3885,3975,4692,4076,3748,3981,4195,3736,3253,1971,1904,1787,1392,823,369,140,48,14,1
" "," "," 女",39733,2761,3391,3632,3605,4438,3872,3704,3824,4051,3519,2936,1808,1946,1693,1420,967,532,242,90,14,2
" "," 竹山鎮"
" "," "," 合計",47681,3610,3631,3887,4398,5610,5164,4439,4393,4525,4161,3863,2652,2886,2556,2115,1372,770,315,104,8,-
" "," "," 男",25220,1856,1896,2075,2257,2877,2765,2440,2404,2474,2172,2004,1357,1492,1272,1028,661,313,107,38,2,-
" "," "," 女",22461,1754,1735,1812,2141,2733,2399,1999,1989,2051,1989,1859,1295,1394,1284,1087,711,457,208,66,6,-
" "," 集集鎮"
" "," "," 合計",9347,775,822,716,713,914,905,1041,991,998,757,715,533,672,685,520,362,212,99,23,6,-
" "," "," 男",5071,391,412,349,352,472,496,559,594,592,438,416,267,346,352,273,168,88,28,7,3,-
" "," "," 女",4276,384,410,367,361,442,409,482,397,406,319,299,266,326,333,247,194,124,71,16,3,-
" "," 名間鄉"
" "," "," 合計",33539,2691,2698,2644,2964,3636,3417,3311,3349,3374,2927,2528,1711,1961,1875,1595,994,622,268,90,14,1
" "," "," 男",17998,1423,1356,1383,1552,1876,1755,1827,1879,1945,1641,1361,869,1062,991,773,483,252,115,34,5,1
" "," "," 女",15541,1268,1342,1261,1412,1760,1662,1484,1470,1429,1286,1167,842,899,884,822,511,370,153,56,9,-
" "," 鹿谷鄉"
" "," "," 合計",15313,1135,1098,1104,1384,1698,1556,1407,1487,1724,1497,1223,806,1002,1023,918,658,356,159,54,3,-
" "," "," 男",8404,566,572,577,716,866,813,805,876,1022,896,695,422,524,493,426,317,143,64,28,1,-
" "," "," 女",6909,569,526,527,668,832,743,602,611,702,601,528,384,478,530,492,341,213,95,26,2,-
" "," 中寮鄉"
" "," "," 合計",12485,1125,826,805,971,1249,1220,1295,1478,1424,1132,960,812,981,968,824,571,340,146,49,3,1
" "," "," 男",7095,605,448,416,474,654,638,744,959,885,680,592,451,491,498,411,259,147,61,26,-,-
" "," "," 女",5390,520,378,389,497,595,582,551,519,539,452,368,361,490,470,413,312,193,85,23,3,1
" "," 魚池鄉"
" "," "," 合計",13192,1106,988,877,1023,1394,1454,1266,1339,1337,1259,1149,820,897,852,834,548,334,114,47,6,1
" "," "," 男",7279,566,519,463,516,724,759,717,838,801,721,655,452,476,428,409,241,152,46,20,2,-
" "," "," 女",5913,540,469,414,507,670,695,549,501,536,538,494,368,421,424,425,307,182,68,27,4,1
" "," 國姓鄉"
" "," "," 合計",17380,1428,1309,1239,1428,1661,1741,1803,1986,1801,1636,1348,993,1171,1120,981,659,317,132,35,6,1
" "," "," 男",9855,737,691,662,751,859,940,1065,1305,1103,967,775,495,600,575,495,326,136,56,13,4,-
" "," "," 女",7525,691,618,577,677,802,801,738,681,698,669,573,498,571,545,486,333,181,76,22,2,1
" "," 水里鄉"
" "," "," 合計",16921,1167,1221,1330,1609,1939,1698,1586,1595,1682,1697,1397,906,1199,1006,927,644,335,123,40,4,1
" "," "," 男",9154,607,651,674,815,1020,947,912,915,942,901,770,456,587,489,463,321,160,64,12,2,1
" "," "," 女",7767,560,570,656,794,919,751,674,680,740,796,627,450,612,517,464,323,175,59,28,2,-
" "," 信義鄉"
" "," "," 合計",14864,1222,1430,1361,1524,1615,1391,1333,1399,1488,1227,874,544,573,512,458,364,187,69,15,6,1
" "," "," 男",8243,626,739,682,812,830,768,769,853,897,755,512,269,299,277,225,189,78,28,6,3,-
" "," "," 女",6621,596,691,679,712,785,623,564,546,591,472,362,275,274,235,233,175,109,41,9,3,1
" "," 仁愛鄉"
" "," "," 合計",13128,1225,1081,942,1121,1558,1291,1128,1340,1332,1178,932,534,455,423,396,384,141,52,16,3,-
" "," "," 男",7129,647,548,484,564,818,722,647,793,731,649,526,282,212,186,217,230,60,28,7,-,-
" "," "," 女",5999,578,533,458,557,740,569,481,547,601,529,406,252,243,237,179,154,81,24,9,3,-
" 民國93年底"
" "," 合計"
" "," "," 合計",538413,29926,34179,37464,38150,46257,44171,38460,41299,43922,40098,34710,23115,22241,21533,18202,13407,7166,2958,959,172,24
" "," "," 男",280187,15503,17664,19521,19747,23861,23186,20356,22441,23672,21361,18457,11831,11205,10672,9030,6730,3253,1241,376,70,10
" "," "," 女",258226,14423,16515,17943,18403,22396,20985,18104,18858,20250,18737,16253,11284,11036,10861,9172,6677,3913,1717,583,102,14
" "," 南投市"
" "," "," 合計",105356,5190,7293,8701,8379,9676,8474,7001,7892,8641,8118,6869,4291,3795,3507,2995,2396,1354,545,191,42,6
" "," "," 男",53520,2714,3735,4599,4330,4997,4407,3547,3901,4244,4049,3490,2157,1794,1681,1494,1305,689,280,84,20,3
" "," "," 女",51836,2476,3558,4102,4049,4679,4067,3454,3991,4397,4069,3379,2134,2001,1826,1501,1091,665,265,107,22,3
" "," 埔里鎮"
" "," "," 合計",87069,4571,5841,6260,5969,7237,7159,6399,6706,7336,6716,5823,3842,3485,3230,2669,2176,1070,427,123,23,7
" "," "," 男",44491,2384,2970,3226,3047,3737,3690,3225,3510,3813,3411,2920,1949,1743,1540,1363,1178,541,192,43,6,3
" "," "," 女",42578,2187,2871,3034,2922,3500,3469,3174,3196,3523,3305,2903,1893,1742,1690,1306,998,529,235,80,17,4
" "," 草屯鎮"
" "," "," 合計",99342,5484,6753,7658,7303,8933,8342,7203,7770,8211,7429,6489,4093,3738,3568,2897,1946,935,410,146,29,5
" "," "," 男",50708,2810,3515,3975,3817,4588,4326,3612,3936,4216,3780,3402,2094,1898,1796,1449,890,396,146,48,11,3
" "," "," 女",48634,2674,3238,3683,3486,4345,4016,3591,3834,3995,3649,3087,1999,1840,1772,1448,1056,539,264,98,18,2
" "," 竹山鎮"
" "," "," 合計",60022,3363,3518,3837,4262,5330,5340,4257,4288,4588,4178,3964,2835,2737,2646,2162,1436,808,345,114,13,1
" "," "," 男",31261,1760,1836,2007,2230,2751,2845,2340,2346,2501,2186,2043,1449,1404,1324,1054,682,338,119,39,7,-
" "," "," 女",28761,1603,1682,1830,2032,2579,2495,1917,1942,2087,1992,1921,1386,1333,1322,1108,754,470,226,75,6,1
" "," 集集鎮"
" "," "," 合計",12393,740,773,742,688,892,901,1010,976,1000,802,717,580,612,688,560,361,222,99,24,6,-
" "," "," 男",6544,369,385,362,351,455,483,533,590,570,483,401,309,306,352,289,174,93,28,8,3,-
" "," "," 女",5849,371,388,380,337,437,418,477,386,430,319,316,271,306,336,271,187,129,71,16,3,-
" "," 名間鄉"
" "," "," 合計",42454,2595,2517,2653,2868,3482,3488,3175,3368,3340,2995,2610,1822,1888,1886,1646,1076,639,284,106,15,1
" "," "," 男",22461,1368,1288,1378,1493,1820,1800,1729,1880,1911,1690,1426,909,1038,994,808,523,247,114,39,5,1
" "," "," 女",19993,1227,1229,1275,1375,1662,1688,1446,1488,1429,1305,1184,913,850,892,838,553,392,170,67,10,-
" "," 鹿谷鄉"
" "," "," 合計",20077,1039,1025,1084,1320,1617,1639,1325,1431,1708,1522,1271,865,957,1030,930,708,390,157,53,6,-
" "," "," 男",10727,523,542,569,674,839,861,742,851,996,909,752,450,493,510,431,330,159,68,23,5,-
" "," "," 女",9350,516,483,515,646,778,778,583,580,712,613,519,415,464,520,499,378,231,89,30,1,-
" "," 中寮鄉"
" "," "," 合計",17031,1050,798,782,955,1229,1216,1210,1464,1401,1189,1003,813,939,993,819,591,356,169,47,6,1
" "," "," 男",9336,549,441,414,473,636,637,681,930,879,716,630,449,465,518,398,275,153,68,21,3,-
" "," "," 女",7695,501,357,368,482,593,579,529,534,522,473,373,364,474,475,421,316,203,101,26,3,1
" "," 魚池鄉"
" "," "," 合計",17541,1037,941,899,982,1333,1440,1266,1281,1358,1290,1211,837,853,878,836,571,347,124,46,10,1
" "," "," 男",9462,536,501,469,510,672,755,722,777,815,752,695,473,451,438,411,251,156,53,22,3,-
" "," "," 女",8079,501,440,430,472,661,685,544,504,543,538,516,364,402,440,425,320,191,71,24,7,1
" "," 國姓鄉"
" "," "," 合計",22392,1355,1214,1225,1333,1625,1692,1705,1892,1855,1637,1389,1049,1112,1142,946,706,336,136,35,7,1
" "," "," 男",12322,699,646,661,705,817,924,1002,1229,1121,1001,809,536,555,561,481,356,141,61,14,3,-
" "," "," 女",10070,656,568,564,628,808,768,703,663,734,636,580,513,557,581,465,350,195,75,21,4,1
" "," 水里鄉"
" "," "," 合計",21837,1133,1152,1281,1525,1855,1734,1516,1602,1655,1710,1467,914,1129,1036,906,688,350,134,44,6,-
" "," "," 男",11532,576,600,659,776,952,970,857,933,931,935,812,445,551,497,440,336,181,58,22,1,-
" "," "," 女",10305,557,552,622,749,903,764,659,669,724,775,655,469,578,539,466,352,169,76,22,5,-
" "," 信義鄉"
" "," "," 合計",17421,1183,1304,1377,1489,1615,1385,1279,1361,1456,1293,930,572,549,510,464,358,200,72,17,6,1
" "," "," 男",9530,594,671,696,798,853,748,728,820,898,792,545,284,286,279,226,184,92,26,7,3,-
" "," "," 女",7891,589,633,681,691,762,637,551,541,558,501,385,288,263,231,238,174,108,46,10,3,1
" "," 仁愛鄉"
" "," "," 合計",15478,1186,1050,965,1077,1433,1361,1114,1268,1373,1219,967,602,447,419,372,394,159,56,13,3,-
" "," "," 男",8293,621,534,506,543,744,740,638,738,777,657,532,327,221,182,186,246,67,28,6,-,-
" "," "," 女",7185,565,516,459,534,689,621,476,530,596,562,435,275,226,237,186,148,92,28,7,3,-
" 民國94年底"
" "," 合計"
" "," "," 合計",537168,27551,33418,37101,37593,44878,45158,37517,40706,43555,40772,36252,25425,21008,21747,18390,14002,7665,3179,1023,204,24
" "," "," 男",279214,14312,17310,19265,19544,23166,23656,19840,21915,23418,21785,19182,13117,10601,10772,9021,6995,3542,1310,384,70,9
" "," "," 女",257954,13239,16108,17836,18049,21712,21502,17677,18791,20137,18987,17070,12308,10407,10975,9369,7007,4123,1869,639,134,15
" "," 南投市"
" "," "," 合計",105322,4843,7100,8573,8228,9457,8769,6994,7678,8559,8156,7135,4828,3655,3555,2999,2511,1420,601,207,48,6
" "," "," 男",53438,2576,3632,4462,4292,4863,4593,3536,3784,4218,4061,3610,2438,1744,1672,1460,1336,745,302,92,20,2
" "," "," 女",51884,2267,3468,4111,3936,4594,4176,3458,3894,4341,4095,3525,2390,1911,1883,1539,1175,675,299,115,28,4
" "," 埔里鎮"
" "," "," 合計",86920,4150,5736,6277,5975,6959,7271,6188,6667,7258,6838,6110,4174,3366,3255,2664,2232,1164,464,132,33,7
" "," "," 男",44304,2139,2936,3252,3099,3565,3724,3162,3438,3736,3474,3040,2126,1672,1589,1297,1210,584,208,43,8,2
" "," "," 女",42616,2011,2800,3025,2876,3394,3547,3026,3229,3522,3364,3070,2048,1694,1666,1367,1022,580,256,89,25,5
" "," 草屯鎮"
" "," "," 合計",99523,5048,6592,7614,7329,8638,8697,7018,7751,8036,7626,6851,4559,3489,3601,2953,2070,1039,427,149,31,5
" "," "," 男",50753,2599,3454,3929,3786,4451,4546,3525,3896,4118,3873,3550,2351,1800,1767,1487,957,453,152,50,6,3
" "," "," 女",48770,2449,3138,3685,3543,4187,4151,3493,3855,3918,3753,3301,2208,1689,1834,1466,1113,586,275,99,25,2
" "," 竹山鎮"
" "," "," 合計",59796,3051,3516,3831,4085,5130,5451,4202,4305,4520,4186,4077,3093,2567,2687,2217,1521,844,365,131,16,1
" "," "," 男",31167,1615,1830,1996,2154,2647,2885,2305,2332,2491,2220,2092,1578,1324,1360,1094,709,360,125,43,7,-
" "," "," 女",28629,1436,1686,1835,1931,2483,2566,1897,1973,2029,1966,1985,1515,1243,1327,1123,812,484,240,88,9,1
" "," 集集鎮"
" "," "," 合計",12311,670,752,711,717,851,916,966,986,975,848,719,632,561,685,580,378,233,97,29,5,-
" "," "," 男",6495,340,375,355,354,432,483,505,598,560,510,395,338,282,340,306,182,104,25,8,3,-
" "," "," 女",5816,330,377,356,363,419,433,461,388,415,338,324,294,279,345,274,196,129,72,21,2,-
" "," 名間鄉"
" "," "," 合計",42253,2360,2526,2599,2823,3368,3491,3104,3278,3392,3040,2720,1971,1795,1868,1690,1119,665,314,112,17,1
" "," "," 男",22380,1246,1314,1367,1458,1800,1783,1664,1836,1930,1728,1518,977,966,997,815,541,270,124,39,6,1
" "," "," 女",19873,1114,1212,1232,1365,1568,1708,1440,1442,1462,1312,1202,994,829,871,875,578,395,190,73,11,-
" "," 鹿谷鄉"
" "," "," 合計",19879,945,965,1054,1293,1551,1650,1281,1381,1646,1587,1367,927,910,1010,927,750,398,176,53,7,1
" "," "," 男",10625,478,504,556,662,809,851,728,827,943,946,814,488,472,518,425,346,164,67,20,6,1
" "," "," 女",9254,467,461,498,631,742,799,553,554,703,641,553,439,438,492,502,404,234,109,33,1,-
" "," 中寮鄉"
" "," "," 合計",16941,927,829,756,929,1224,1204,1125,1419,1437,1233,1065,859,857,1017,836,611,384,167,50,12,-
" "," "," 男",9292,487,467,402,477,602,649,629,873,908,756,649,490,436,523,400,290,166,64,19,5,-
" "," "," 女",7649,440,362,354,452,622,555,496,546,529,477,416,369,421,494,436,321,218,103,31,7,-
" "," 魚池鄉"
" "," "," 合計",17549,950,943,889,953,1308,1413,1268,1290,1368,1309,1227,940,804,905,814,621,345,145,46,11,-
" "," "," 男",9424,490,491,473,491,672,728,711,767,807,765,698,531,421,449,410,286,148,63,20,3,-
" "," "," 女",8125,460,452,416,462,636,685,557,523,561,544,529,409,383,456,404,335,197,82,26,8,-
" "," 國姓鄉"
" "," "," 合計",22133,1262,1105,1216,1322,1563,1700,1613,1810,1892,1670,1415,1102,1044,1174,944,740,378,134,43,5,1
" "," "," 男",12144,651,601,637,709,803,913,927,1143,1171,1008,813,583,516,592,464,371,168,58,14,2,-
" "," "," 女",9989,611,504,579,613,760,787,686,667,721,662,602,519,528,582,480,369,210,76,29,3,1
" "," 水里鄉"
" "," "," 合計",21613,1030,1107,1259,1441,1824,1799,1425,1555,1616,1723,1503,1028,1013,1062,937,716,375,153,39,7,1
" "," "," 男",11410,520,571,648,738,945,989,814,897,905,937,846,509,489,525,445,353,188,66,23,2,-
" "," "," 女",10203,510,536,611,703,879,810,611,658,711,786,657,519,524,537,492,363,187,87,16,5,1
" "," 信義鄉"
" "," "," 合計",17356,1143,1213,1370,1456,1641,1386,1216,1350,1438,1309,1015,631,511,511,461,362,235,82,16,9,1
" "," "," 男",9469,583,608,696,793,858,753,696,797,849,828,584,329,264,260,240,184,107,32,6,2,-
" "," "," 女",7887,560,605,674,663,783,633,520,553,589,481,431,302,247,251,221,178,128,50,10,7,1
" "," 仁愛鄉"
" "," "," 合計",15572,1172,1034,952,1042,1364,1411,1117,1236,1418,1247,1048,681,436,417,368,371,185,54,16,3,-
" "," "," 男",8313,588,527,492,531,719,759,638,727,782,679,573,379,215,180,178,230,85,24,7,-,-
" "," "," 女",7259,584,507,460,511,645,652,479,509,636,568,475,302,221,237,190,141,100,30,9,3,-
" 民國95年底"
" "," 合計"
" "," "," 合計",535205,25522,32080,36891,37740,42311,45155,37956,39601,43145,41532,36795,28343,20145,22063,18280,14595,8194,3554,1056,218,29
" "," "," 男",277643,13231,16691,19061,19715,21834,23380,20058,21195,23220,22164,19445,14642,10174,10917,8905,7224,3828,1463,414,71,11
" "," "," 女",257562,12291,15389,17830,18025,20477,21775,17898,18406,19925,19368,17350,13701,9971,11146,9375,7371,4366,2091,642,147,18
" "," 南投市"
" "," "," 合計",105506,4500,6771,8593,8334,8947,8952,7209,7461,8456,8358,7276,5396,3569,3655,3037,2536,1522,680,191,58,5
" "," "," 男",53400,2384,3524,4373,4398,4600,4640,3657,3716,4167,4138,3695,2678,1708,1707,1454,1322,802,318,95,21,3
" "," "," 女",52106,2116,3247,4220,3936,4347,4312,3552,3745,4289,4220,3581,2718,1861,1948,1583,1214,720,362,96,37,2
" "," 埔里鎮"
" "," "," 合計",86684,3879,5542,6304,6053,6536,7163,6230,6592,7151,6947,6154,4646,3335,3224,2704,2235,1292,508,150,30,9
" "," "," 男",44076,1989,2855,3206,3124,3391,3657,3161,3367,3680,3540,3047,2364,1656,1587,1287,1194,671,237,54,7,2
" "," "," 女",42608,1890,2687,3098,2929,3145,3506,3069,3225,3471,3407,3107,2282,1679,1637,1417,1041,621,271,96,23,7
" "," 草屯鎮"
" "," "," 合計",99752,4765,6339,7515,7415,8129,8918,7170,7611,7977,7818,6967,5191,3338,3655,2951,2190,1157,469,148,23,6
" "," "," 男",50760,2428,3320,3898,3851,4153,4612,3635,3819,4096,3930,3581,2683,1751,1767,1488,1029,490,165,55,7,2
" "," "," 女",48992,2337,3019,3617,3564,3976,4306,3535,3792,3881,3888,3386,2508,1587,1888,1463,1161,667,304,93,16,4
" "," 竹山鎮"
" "," "," 合計",59415,2784,3395,3781,4033,4780,5422,4352,4212,4438,4280,3980,3455,2418,2785,2208,1664,861,406,138,22,1
" "," "," 男",30868,1457,1738,1990,2146,2480,2779,2410,2267,2413,2300,2048,1764,1216,1414,1099,772,375,148,44,7,1
" "," "," 女",28547,1327,1657,1791,1887,2300,2643,1942,1945,2025,1980,1932,1691,1202,1371,1109,892,486,258,94,15,-
" "," 集集鎮"
" "," "," 合計",12216,613,729,710,717,819,897,891,1004,946,895,737,669,515,692,582,396,252,112,33,6,1
" "," "," 男",6455,317,376,371,349,413,465,456,602,543,538,409,364,261,345,290,197,111,35,11,2,-
" "," "," 女",5761,296,353,339,368,406,432,435,402,403,357,328,305,254,347,292,199,141,77,22,4,1
" "," 名間鄉"
" "," "," 合計",41910,2153,2414,2525,2804,3213,3479,3129,3162,3380,3076,2742,2201,1680,1901,1659,1227,668,363,116,16,2
" "," "," 男",22172,1127,1292,1303,1472,1709,1760,1672,1754,1897,1777,1537,1114,890,1005,810,593,274,138,42,5,1
" "," "," 女",19738,1026,1122,1222,1332,1504,1719,1457,1408,1483,1299,1205,1087,790,896,849,634,394,225,74,11,1
" "," 鹿谷鄉"
" "," "," 合計",19761,875,932,1025,1252,1500,1609,1277,1338,1615,1618,1390,1064,839,1029,916,784,430,195,61,11,1
" "," "," 男",10555,460,473,539,640,786,838,712,788,923,962,832,562,429,541,418,360,193,72,21,5,1
" "," "," 女",9206,415,459,486,612,714,771,565,550,692,656,558,502,410,488,498,424,237,123,40,6,-
" "," 中寮鄉"
" "," "," 合計",16763,818,835,746,928,1150,1179,1098,1322,1452,1282,1085,917,824,992,859,620,402,186,55,13,-
" "," "," 男",9182,442,455,403,488,566,615,608,802,912,785,664,532,434,496,424,292,167,72,22,3,-
" "," "," 女",7581,376,380,343,440,584,564,490,520,540,497,421,385,390,496,435,328,235,114,33,10,-
" "," 魚池鄉"
" "," "," 合計",17422,858,916,868,1013,1175,1372,1280,1231,1389,1301,1251,1013,802,909,791,659,369,163,47,15,-
" "," "," 男",9337,440,476,456,523,590,720,699,721,830,763,723,558,422,469,390,301,156,74,21,5,-
" "," "," 女",8085,418,440,412,490,585,652,581,510,559,538,528,455,380,440,401,358,213,89,26,10,-
" "," 國姓鄉"
" "," "," 合計",21776,1118,1069,1215,1313,1497,1577,1560,1734,1924,1666,1480,1166,975,1198,877,799,411,151,39,6,1
" "," "," 男",11980,578,578,653,702,771,843,905,1069,1215,1010,836,634,481,601,438,402,181,67,13,2,1
" "," "," 女",9796,540,491,562,611,726,734,655,665,709,656,644,532,494,597,439,397,230,84,26,4,-
" "," 水里鄉"
" "," "," 合計",21273,928,1038,1257,1391,1701,1797,1370,1506,1580,1707,1562,1163,914,1097,901,765,375,169,42,9,1
" "," "," 男",11219,461,542,651,723,866,971,789,873,890,937,848,591,459,536,428,366,182,78,24,4,-
" "," "," 女",10054,467,496,606,668,835,826,581,633,690,770,714,572,455,561,473,399,193,91,18,5,1
" "," 信義鄉"
" "," "," 合計",17222,1078,1118,1384,1465,1593,1385,1215,1280,1414,1344,1059,704,496,502,457,370,232,100,19,6,1
" "," "," 男",9401,559,564,720,779,837,732,702,741,843,838,615,373,255,265,230,189,110,41,6,2,-
" "," "," 女",7821,519,554,664,686,756,653,513,539,571,506,444,331,241,237,227,181,122,59,13,4,1
" "," 仁愛鄉"
" "," "," 合計",15505,1153,982,968,1022,1271,1405,1175,1148,1423,1240,1112,758,440,424,338,350,223,52,17,3,1
" "," "," 男",8238,589,498,498,520,672,748,652,676,811,646,610,425,212,184,149,207,116,18,6,1,-
" "," "," 女",7267,564,484,470,502,599,657,523,472,612,594,502,333,228,240,189,143,107,34,11,2,1
" 民國96年底"
" "," 合計"
" "," "," 合計",533717,23835,30359,36770,37818,40333,45718,38237,38985,41781,42561,37359,30785,19851,21967,18554,14850,8771,3810,1129,215,29
" "," "," 男",276368,12362,15820,18954,19734,20823,23607,20081,20780,22481,22654,19726,16038,9974,10899,8946,7215,4172,1590,421,78,13
" "," "," 女",257349,11473,14539,17816,18084,19510,22111,18156,18205,19300,19907,17633,14747,9877,11068,9608,7635,4599,2220,708,137,16
" "," 南投市"
" "," "," 合計",105671,4303,6312,8707,8420,8524,9227,7210,7357,8153,8598,7367,5971,3566,3673,3082,2552,1645,731,216,50,7
" "," "," 男",53454,2314,3273,4462,4464,4365,4755,3696,3671,3973,4246,3715,3004,1719,1715,1442,1292,878,348,98,18,6
" "," "," 女",52217,1989,3039,4245,3956,4159,4472,3514,3686,4180,4352,3652,2967,1847,1958,1640,1260,767,383,118,32,1
" "," 埔里鎮"
" "," "," 合計",86415,3602,5193,6423,5968,6256,7252,6231,6528,6877,7063,6248,5116,3299,3283,2736,2193,1390,561,158,31,7
" "," "," 男",43841,1814,2728,3239,3097,3202,3709,3181,3330,3530,3597,3131,2547,1633,1629,1285,1117,733,267,61,10,1
" "," "," 女",42574,1788,2465,3184,2871,3054,3543,3050,3198,3347,3466,3117,2569,1666,1654,1451,1076,657,294,97,21,6
" "," 草屯鎮"
" "," "," 合計",99884,4451,6105,7404,7499,7777,8997,7376,7493,7921,7916,7048,5641,3411,3670,3009,2250,1242,486,161,22,5
" "," "," 男",50679,2244,3187,3787,3892,4026,4617,3718,3771,4063,3968,3604,2904,1761,1800,1500,1055,540,176,56,10,-
" "," "," 女",49205,2207,2918,3617,3607,3751,4380,3658,3722,3858,3948,3444,2737,1650,1870,1509,1195,702,310,105,12,5
" "," 竹山鎮"
" "," "," 合計",59329,2664,3289,3789,3955,4503,5451,4447,4216,4311,4398,3997,3640,2411,2712,2298,1709,947,419,150,22,1
" "," "," 男",30787,1406,1679,1986,2111,2335,2785,2449,2255,2326,2367,2065,1872,1216,1385,1117,801,420,158,46,7,1
" "," "," 女",28542,1258,1610,1803,1844,2168,2666,1998,1961,1985,2031,1932,1768,1195,1327,1181,908,527,261,104,15,-
" "," 集集鎮"
" "," "," 合計",12109,542,674,700,730,781,917,855,985,942,932,742,724,470,678,581,438,256,119,37,5,1
" "," "," 男",6364,281,336,352,376,377,491,437,560,554,546,423,401,227,337,289,214,113,37,11,1,1
" "," "," 女",5745,261,338,348,354,404,426,418,425,388,386,319,323,243,341,292,224,143,82,26,4,-
" "," 名間鄉"
" "," "," 合計",41677,1964,2249,2491,2877,3084,3471,3122,3127,3240,3246,2763,2357,1611,1885,1664,1312,687,391,115,21,-
" "," "," 男",22039,1036,1194,1295,1507,1618,1782,1631,1721,1814,1895,1559,1217,833,1011,815,622,301,142,37,9,-
" "," "," 女",19638,928,1055,1196,1370,1466,1689,1491,1406,1426,1351,1204,1140,778,874,849,690,386,249,78,12,-
" "," 鹿谷鄉"
" "," "," 合計",19581,819,843,990,1216,1447,1613,1300,1311,1510,1654,1426,1175,807,991,923,812,451,216,59,16,2
" "," "," 男",10453,440,433,515,613,752,840,718,776,866,975,838,645,410,523,424,364,213,83,17,6,2
" "," "," 女",9128,379,410,475,603,695,773,582,535,644,679,588,530,397,468,499,448,238,133,42,10,-
" "," 中寮鄉"
" "," "," 合計",16587,719,775,732,914,1071,1208,1084,1267,1399,1366,1132,967,776,967,885,647,416,190,62,10,-
" "," "," 男",9059,368,423,409,484,531,619,585,768,895,819,683,571,418,472,436,312,162,75,26,3,-
" "," "," 女",7528,351,352,323,430,540,589,499,499,504,547,449,396,358,495,449,335,254,115,36,7,-
" "," 魚池鄉"
" "," "," 合計",17342,765,855,898,1042,1092,1392,1296,1218,1309,1345,1280,1082,787,902,763,690,387,178,46,15,-
" "," "," 男",9243,395,445,469,533,533,729,687,700,781,786,725,602,424,466,373,336,152,79,23,5,-
" "," "," 女",8099,370,410,429,509,559,663,609,518,528,559,555,480,363,436,390,354,235,99,23,10,-
" "," 國姓鄉"
" "," "," 合計",21497,1024,1037,1131,1322,1458,1524,1513,1713,1838,1708,1499,1260,939,1153,945,775,448,162,40,7,1
" "," "," 男",11806,537,557,610,697,768,790,857,1043,1190,1028,847,709,455,580,473,381,200,70,11,2,1
" "," "," 女",9691,487,480,521,625,690,734,656,670,648,680,652,551,484,573,472,394,248,92,29,5,-
" "," 水里鄉"
" "," "," 合計",20913,825,969,1223,1329,1601,1789,1370,1432,1557,1666,1618,1256,840,1101,891,789,422,178,47,9,1
" "," "," 男",11036,414,519,637,664,830,967,763,843,889,907,872,669,420,527,428,374,200,85,23,5,-
" "," "," 女",9877,411,450,586,665,771,822,607,589,668,759,746,587,420,574,463,415,222,93,24,4,1
" "," 信義鄉"
" "," "," 合計",17258,1067,1074,1370,1497,1539,1435,1215,1244,1362,1398,1099,758,500,520,436,364,239,114,20,4,3
" "," "," 男",9403,554,543,718,774,833,755,692,715,814,850,641,426,249,269,222,169,123,48,6,1,1
" "," "," 女",7855,513,531,652,723,706,680,523,529,548,548,458,332,251,251,214,195,116,66,14,3,2
" "," 仁愛鄉"
" "," "," 合計",15454,1090,984,912,1049,1200,1442,1218,1094,1362,1271,1140,838,434,432,341,319,241,65,18,3,1
" "," "," 男",8204,559,503,475,522,653,768,667,627,786,670,623,471,209,185,142,178,137,22,6,1,-
" "," "," 女",7250,531,481,437,527,547,674,551,467,576,601,517,367,225,247,199,141,104,43,12,2,1
" 民國97年底"
" "," 合計"
" "," "," 合計",531753,22552,29000,35220,37466,39177,45569,38825,37640,40946,43375,38380,32545,20764,21595,18716,15083,9359,4076,1192,244,29
" "," "," 男",274915,11658,15119,18172,19522,20175,23606,20386,19828,22012,23090,20210,16990,10470,10630,9072,7257,4438,1716,459,93,12
" "," "," 女",256838,10894,13881,17048,17944,19002,21963,18439,17812,18934,20285,18170,15555,10294,10965,9644,7826,4921,2360,733,151,17
" "," 南投市"
" "," "," 合計",105143,4140,5980,8219,8199,8332,9333,7428,7084,7915,8689,7606,6332,3767,3664,3091,2549,1734,796,220,57,8
" "," "," 男",53077,2193,3135,4211,4312,4306,4801,3831,3518,3859,4283,3803,3162,1838,1699,1453,1240,915,392,99,22,5
" "," "," 女",52066,1947,2845,4008,3887,4026,4532,3597,3566,4056,4406,3803,3170,1929,1965,1638,1309,819,404,121,35,3
" "," 埔里鎮"
" "," "," 合計",86189,3440,4880,6236,5948,6030,7228,6382,6320,6749,7135,6402,5463,3453,3274,2738,2202,1510,581,179,34,5
" "," "," 男",43661,1712,2552,3164,3086,3064,3737,3249,3185,3461,3631,3245,2690,1734,1606,1295,1104,774,282,77,12,1
" "," "," 女",42528,1728,2328,3072,2862,2966,3491,3133,3135,3288,3504,3157,2773,1719,1668,1443,1098,736,299,102,22,4
" "," 草屯鎮"
" "," "," 合計",100143,4344,5864,6970,7530,7586,8995,7619,7317,7792,8126,7131,6092,3641,3624,3097,2346,1339,530,167,27,6
" "," "," 男",50806,2205,3058,3608,3890,3946,4640,3862,3647,3964,4098,3624,3148,1862,1747,1548,1116,573,196,65,9,-
" "," "," 女",49337,2139,2806,3362,3640,3640,4355,3757,3670,3828,4028,3507,2944,1779,1877,1549,1230,766,334,102,18,6
" "," 竹山鎮"
" "," "," 合計",59003,2462,3184,3591,3896,4337,5353,4544,4113,4261,4483,4078,3754,2540,2715,2277,1779,1004,460,140,30,2
" "," "," 男",30534,1298,1607,1863,2085,2240,2756,2455,2200,2303,2434,2105,1911,1288,1373,1108,834,452,167,43,11,1
" "," "," 女",28469,1164,1577,1728,1811,2097,2597,2089,1913,1958,2049,1973,1843,1252,1342,1169,945,552,293,97,19,1
" "," 集集鎮"
" "," "," 合計",12055,511,625,687,751,751,916,844,938,922,997,763,703,508,637,617,435,269,130,46,4,1
" "," "," 男",6354,270,321,343,381,366,472,450,514,550,579,439,394,249,320,305,224,116,47,13,-,1
" "," "," 女",5701,241,304,344,370,385,444,394,424,372,418,324,309,259,317,312,211,153,83,33,4,-
" "," 名間鄉"
" "," "," 合計",41589,1830,2157,2461,2856,3012,3510,3064,3044,3209,3339,2840,2457,1657,1840,1685,1364,716,395,125,28,-
" "," "," 男",21936,964,1151,1264,1487,1562,1788,1615,1668,1793,1916,1578,1296,845,987,853,636,329,147,44,13,-
" "," "," 女",19653,866,1006,1197,1369,1450,1722,1449,1376,1416,1423,1262,1161,812,853,832,728,387,248,81,15,-
" "," 鹿谷鄉"
" "," "," 合計",19437,758,805,959,1209,1414,1560,1318,1260,1416,1701,1515,1224,813,956,927,796,510,219,59,16,2
" "," "," 男",10361,392,411,510,617,728,817,729,732,810,988,894,682,425,490,439,355,237,80,17,6,2
" "," "," 女",9076,366,394,449,592,686,743,589,528,606,713,621,542,388,466,488,441,273,139,42,10,-
" "," 中寮鄉"
" "," "," 合計",16445,656,750,714,913,1020,1210,1066,1174,1403,1408,1166,1002,794,936,861,686,413,198,70,5,-
" "," "," 男",8960,342,397,384,485,498,642,565,676,901,856,695,609,430,453,424,335,166,76,24,2,-
" "," "," 女",7485,314,353,330,428,522,568,501,498,502,552,471,393,364,483,437,351,247,122,46,3,-
" "," 魚池鄉"
" "," "," 合計",17344,703,847,879,1033,1089,1339,1312,1177,1347,1367,1299,1150,797,863,764,697,421,201,40,19,-
" "," "," 男",9218,369,447,455,531,528,705,683,652,803,797,736,645,429,450,366,336,170,89,19,8,-
" "," "," 女",8126,334,400,424,502,561,634,629,525,544,570,563,505,368,413,398,361,251,112,21,11,-
" "," 國姓鄉"
" "," "," 合計",21195,851,988,1133,1290,1388,1486,1478,1569,1811,1779,1580,1304,958,1091,978,798,471,187,46,9,-
" "," "," 男",11642,458,529,612,693,736,786,810,930,1177,1057,914,745,469,544,483,379,227,76,15,2,-
" "," "," 女",9553,393,459,521,597,652,700,668,639,634,722,666,559,489,547,495,419,244,111,31,7,-
" "," 水里鄉"
" "," "," 合計",20593,756,967,1131,1287,1522,1759,1359,1348,1507,1628,1673,1348,842,1091,891,769,465,190,49,9,2
" "," "," 男",10860,382,507,601,654,780,923,779,790,856,906,871,744,416,531,419,367,214,89,25,5,1
" "," "," 女",9733,374,460,530,633,742,836,580,558,651,722,802,604,426,560,472,402,251,101,24,4,1
" "," 信義鄉"
" "," "," 合計",17166,998,1015,1345,1461,1542,1493,1182,1221,1309,1422,1154,818,508,509,428,358,251,114,32,3,3
" "," "," 男",9332,518,515,703,745,828,786,675,705,788,843,683,462,246,257,226,170,122,47,10,2,1
" "," "," 女",7834,480,500,642,716,714,707,507,516,521,579,471,356,262,252,202,188,129,67,22,1,2
" "," 仁愛鄉"
" "," "," 合計",15451,1103,938,895,1093,1154,1387,1229,1075,1305,1301,1173,898,486,395,362,304,256,75,19,3,-
" "," "," 男",8174,555,489,454,556,593,753,683,611,747,702,623,502,239,173,153,161,143,28,8,1,-
" "," "," 女",7277,548,449,441,537,561,634,546,464,558,599,550,396,247,222,209,143,113,47,11,2,-
" 民國98年底"
" "," 合計"
" "," "," 合計",530824,21246,27402,33930,37801,37945,44548,40515,36478,40458,43324,39678,34086,22340,20733,19249,15233,9958,4314,1279,272,35
" "," "," 男",273596,10997,14220,17545,19667,19583,22932,21174,18965,21676,23013,20826,17895,11245,10214,9257,7267,4708,1809,486,102,15
" "," "," 女",257228,10249,13182,16385,18134,18362,21616,19341,17513,18782,20311,18852,16191,11095,10519,9992,7966,5250,2505,793,170,20
" "," 南投市"
" "," "," 合計",104670,3919,5615,7819,8147,8046,9284,7788,6811,7794,8456,7908,6654,4091,3586,3207,2554,1831,852,237,62,9
" "," "," 男",52703,2091,2935,4014,4305,4167,4780,4021,3349,3803,4134,3920,3331,2004,1664,1487,1213,934,409,113,24,5
" "," "," 女",51967,1828,2680,3805,3842,3879,4504,3767,3462,3991,4322,3988,3323,2087,1922,1720,1341,897,443,124,38,4
" "," 埔里鎮"
" "," "," 合計",85779,3244,4588,5975,5992,5857,6915,6570,6172,6611,7141,6613,5694,3717,3203,2820,2215,1608,622,181,36,5
" "," "," 男",43303,1603,2408,3044,3074,2997,3564,3319,3067,3387,3648,3332,2809,1883,1566,1309,1085,825,299,70,12,2
" "," "," 女",42476,1641,2180,2931,2918,2860,3351,3251,3105,3224,3493,3281,2885,1834,1637,1511,1130,783,323,111,24,3
" "," 草屯鎮"
" "," "," 合計",100294,4164,5485,6761,7666,7353,8831,8042,7102,7748,8112,7349,6371,3988,3474,3193,2426,1463,550,179,30,7
" "," "," 男",50764,2125,2813,3499,3978,3822,4513,4118,3532,3918,4099,3674,3307,2009,1720,1564,1161,631,213,56,12,-
" "," "," 女",49530,2039,2672,3262,3688,3531,4318,3924,3570,3830,4013,3675,3064,1979,1754,1629,1265,832,337,123,18,7
" "," 竹山鎮"
" "," "," 合計",58826,2307,2978,3484,3887,4200,5151,4775,3994,4194,4569,4164,3909,2734,2565,2374,1797,1070,477,160,34,3
" "," "," 男",30407,1181,1538,1825,2039,2196,2644,2541,2134,2278,2485,2150,2002,1371,1289,1169,850,473,179,51,10,2
" "," "," 女",28419,1126,1440,1659,1848,2004,2507,2234,1860,1916,2084,2014,1907,1363,1276,1205,947,597,298,109,24,1
" "," 集集鎮"
" "," "," 合計",12103,463,579,637,783,748,918,876,897,946,998,831,700,570,586,624,472,276,143,52,2,2
" "," "," 男",6361,256,297,325,390,376,461,459,484,564,552,490,389,290,289,305,239,126,53,14,1,1
" "," "," 女",5742,207,282,312,393,372,457,417,413,382,446,341,311,280,297,319,233,150,90,38,1,1
" "," 名間鄉"
" "," "," 合計",41603,1712,2087,2413,2910,2928,3400,3178,2919,3263,3314,2927,2544,1779,1758,1714,1382,820,395,126,33,1
" "," "," 男",21855,904,1098,1249,1501,1505,1745,1652,1571,1815,1892,1623,1372,877,953,878,644,381,133,47,14,1
" "," "," 女",19748,808,989,1164,1409,1423,1655,1526,1348,1448,1422,1304,1172,902,805,836,738,439,262,79,19,-
" "," 鹿谷鄉"
" "," "," 合計",19376,712,737,907,1224,1356,1544,1403,1190,1389,1689,1551,1290,875,913,933,800,550,236,59,15,3
" "," "," 男",10294,376,370,473,628,691,797,771,677,798,964,904,747,451,463,454,367,243,92,22,3,3
" "," "," 女",9082,336,367,434,596,665,747,632,513,591,725,647,543,424,450,479,433,307,144,37,12,-
" "," 中寮鄉"
" "," "," 合計",16405,592,702,718,898,1001,1207,1108,1094,1401,1402,1238,1061,803,886,892,681,415,213,80,12,1
" "," "," 男",8914,317,366,402,469,486,610,586,621,880,855,747,644,437,427,447,321,181,84,30,3,1
" "," "," 女",7491,275,336,316,429,515,597,522,473,521,547,491,417,366,459,445,360,234,129,50,9,-
" "," 魚池鄉"
" "," "," 合計",17411,659,790,881,1050,1051,1308,1352,1186,1309,1409,1325,1238,827,819,789,701,432,225,42,17,1
" "," "," 男",9208,342,425,451,541,533,663,686,640,771,808,752,705,448,420,379,338,186,93,18,9,-
" "," "," 女",8203,317,365,430,509,518,645,666,546,538,601,573,533,379,399,410,363,246,132,24,8,1
" "," 國姓鄉"
" "," "," 合計",20964,740,925,1070,1307,1307,1464,1446,1495,1782,1830,1611,1386,1007,1033,1001,785,515,202,48,9,1
" "," "," 男",11477,398,488,580,713,697,764,796,856,1137,1088,953,801,509,509,472,377,244,75,18,2,-
" "," "," 女",9487,342,437,490,594,610,700,650,639,645,742,658,585,498,524,529,408,271,127,30,7,1
" "," 水里鄉"
" "," "," 合計",20383,666,919,1088,1262,1446,1681,1444,1309,1502,1614,1695,1436,865,1022,910,768,484,200,57,13,2
" "," "," 男",10696,335,470,574,652,738,861,820,750,868,895,904,788,416,488,425,362,219,96,27,8,-
" "," "," 女",9687,331,449,514,610,708,820,624,559,634,719,791,648,449,534,485,406,265,104,30,5,2
" "," 信義鄉"
" "," "," 合計",17360,981,1025,1261,1512,1532,1512,1256,1206,1296,1426,1256,871,536,493,430,363,244,118,37,5,-
" "," "," 男",9399,508,513,663,775,819,809,706,676,756,850,742,489,265,244,227,171,122,51,12,1,-
" "," "," 女",7961,473,512,598,737,713,703,550,530,540,576,514,382,271,249,203,192,122,67,25,4,-
" "," 仁愛鄉"
" "," "," 合計",15650,1087,972,916,1163,1120,1333,1277,1103,1223,1364,1210,932,548,395,362,289,250,81,21,4,-
" "," "," 男",8215,561,499,446,602,556,721,699,608,701,743,635,511,285,182,141,139,143,32,8,3,-
" "," "," 女",7435,526,473,470,561,564,612,578,495,522,621,575,421,263,213,221,150,107,49,13,1,-
" 民國99年底"
" "," 合計"
" "," "," 合計",526491,19637,25204,33167,37281,37358,42874,41355,35264,39772,42779,40327,35563,24544,19576,19503,15421,10464,4682,1403,277,40
" "," "," 男",271053,10236,13091,17149,19309,19366,22093,21592,18321,21102,22670,21217,18601,12441,9672,9363,7281,4886,2019,522,107,15
" "," "," 女",255438,9401,12113,16018,17972,17992,20781,19763,16943,18670,20109,19110,16962,12103,9904,10140,8140,5578,2663,881,170,25
" "," 南投市"
" "," "," 合計",104083,3687,5205,7569,7914,8007,8946,8089,6717,7618,8429,7945,6918,4617,3419,3236,2599,1928,902,277,56,5
" "," "," 男",52368,1953,2773,3890,4137,4165,4605,4203,3327,3715,4096,3921,3458,2261,1610,1482,1211,961,443,131,23,3
" "," "," 女",51715,1734,2432,3679,3777,3842,4341,3886,3390,3903,4333,4024,3460,2356,1809,1754,1388,967,459,146,33,2
" "," 埔里鎮"
" "," "," 合計",85088,3020,4125,5934,5936,5807,6599,6639,5877,6556,7074,6738,5953,4021,3126,2858,2238,1652,695,195,36,9
" "," "," 男",42964,1533,2110,3039,3073,3017,3381,3386,2922,3332,3614,3393,2929,2043,1533,1353,1044,837,334,75,14,2
" "," "," 女",42124,1487,2015,2895,2863,2790,3218,3253,2955,3224,3460,3345,3024,1978,1593,1505,1194,815,361,120,22,7
" "," 草屯鎮"
" "," "," 合計",99674,3806,5030,6560,7623,7286,8517,8275,6882,7684,7886,7579,6723,4419,3234,3257,2463,1596,630,184,32,8
" "," "," 男",50413,1977,2600,3388,3939,3783,4367,4284,3407,3827,4003,3788,3458,2226,1627,1538,1192,687,252,58,12,-
" "," "," 女",49261,1829,2430,3172,3684,3503,4150,3991,3475,3857,3883,3791,3265,2193,1607,1719,1271,909,378,126,20,8
" "," 竹山鎮"
" "," "," 合計",58338,2160,2742,3507,3828,4027,4960,4880,3869,4208,4459,4174,4052,2992,2384,2415,1828,1146,501,166,35,5
" "," "," 男",30094,1074,1422,1838,2007,2106,2539,2579,2092,2257,2420,2168,2065,1501,1205,1189,878,491,197,53,10,3
" "," "," 女",28244,1086,1320,1669,1821,1921,2421,2301,1777,1951,2039,2006,1987,1491,1179,1226,950,655,304,113,25,2
" "," 集集鎮"
" "," "," 合計",11920,423,521,624,767,720,878,887,856,938,979,862,691,622,521,619,498,297,154,57,5,1
" "," "," 男",6263,232,277,315,387,353,443,460,450,559,544,509,382,325,258,296,263,132,59,17,2,-
" "," "," 女",5657,191,244,309,380,367,435,427,406,379,435,353,309,297,263,323,235,165,95,40,3,1
" "," 名間鄉"
" "," "," 合計",41218,1520,1909,2394,2889,2861,3263,3213,2819,3157,3351,3006,2642,1926,1699,1696,1421,868,403,150,28,3
" "," "," 男",21627,816,986,1244,1486,1469,1709,1639,1511,1760,1893,1685,1435,947,891,890,649,392,159,54,11,1
" "," "," 女",19591,704,923,1150,1403,1392,1554,1574,1308,1397,1458,1321,1207,979,808,806,772,476,244,96,17,2
" "," 鹿谷鄉"
" "," "," 合計",19100,629,669,849,1207,1337,1470,1426,1149,1320,1620,1585,1379,945,867,924,797,567,266,77,14,3
" "," "," 男",10147,338,343,434,617,684,763,773,656,764,905,920,804,490,441,463,358,255,111,22,3,3
" "," "," 女",8953,291,326,415,590,653,707,653,493,556,715,665,575,455,426,461,439,312,155,55,11,-
" "," 中寮鄉"
" "," "," 合計",16183,529,620,757,872,978,1129,1100,1044,1347,1422,1260,1109,847,805,927,687,431,228,76,13,2
" "," "," 男",8799,275,323,415,462,493,559,589,586,818,878,775,660,474,407,461,312,192,91,24,4,1
" "," "," 女",7384,254,297,342,410,485,570,511,458,529,544,485,449,373,398,466,375,239,137,52,9,1
" "," 魚池鄉"
" "," "," 合計",17181,579,718,868,1016,1016,1253,1345,1175,1262,1404,1340,1269,906,765,812,682,469,227,56,18,1
" "," "," 男",9060,305,376,451,530,520,635,657,619,738,800,763,728,501,388,391,333,203,89,23,9,1
" "," "," 女",8121,274,342,417,486,496,618,688,556,524,604,577,541,405,377,421,349,266,138,33,9,-
" "," 國姓鄉"
" "," "," 合計",20668,638,884,970,1302,1328,1424,1436,1400,1721,1841,1658,1414,1065,978,1022,781,526,217,49,12,2
" "," "," 男",11262,336,470,540,677,719,747,780,798,1066,1114,971,803,559,479,489,372,239,81,18,3,1
" "," "," 女",9406,302,414,430,625,609,677,656,602,655,727,687,611,506,499,533,409,287,136,31,9,1
" "," 水里鄉"
" "," "," 合計",20063,613,850,1054,1227,1382,1633,1491,1245,1445,1554,1700,1453,972,927,927,785,503,225,60,16,1
" "," "," 男",10526,321,437,544,632,702,849,832,703,834,873,903,807,477,430,446,354,238,106,27,11,-
" "," "," 女",9537,292,413,510,595,680,784,659,542,611,681,797,646,495,497,481,431,265,119,33,5,1
" "," 信義鄉"
" "," "," 合計",17314,973,970,1193,1517,1509,1530,1273,1138,1310,1396,1269,963,582,466,443,358,247,133,38,6,-
" "," "," 男",9361,515,503,611,766,814,805,706,643,751,798,779,539,302,230,218,183,126,57,13,2,-
" "," "," 女",7953,458,467,582,751,695,725,567,495,559,598,490,424,280,236,225,175,121,76,25,4,-
" "," 仁愛鄉"
" "," "," 合計",15661,1060,961,888,1183,1100,1272,1301,1093,1206,1364,1211,997,630,385,367,284,234,101,18,6,-
" "," "," 男",8169,561,471,440,596,541,691,704,607,681,732,642,533,335,173,147,132,133,40,7,3,-
" "," "," 女",7492,499,490,448,587,559,581,597,486,525,632,569,464,295,212,220,152,101,61,11,3,-
" 民國100年底"
" "," 合計"
" "," "," 合計",522807,18493,23520,31767,37180,37420,40120,40982,35571,38653,42477,41143,36171,27465,18755,19818,15411,10885,5030,1622,283,41
" "," "," 男",268979,9582,12153,16584,19163,19511,20885,21285,18458,20406,22516,21634,18877,13974,9269,9496,7200,5055,2175,627,113,16
" "," "," 女",253828,8911,11367,15183,18017,17909,19235,19697,17113,18247,19961,19509,17294,13491,9486,10322,8211,5830,2855,995,170,25
" "," 南投市"
" "," "," 合計",103687,3513,4932,7283,7778,8114,8351,8145,6886,7391,8327,8178,7053,5160,3316,3333,2621,1958,964,331,48,5
" "," "," 男",52137,1879,2602,3785,4011,4270,4346,4195,3418,3642,4033,4014,3542,2495,1571,1525,1204,945,481,155,22,2
" "," "," 女",51550,1634,2330,3498,3767,3844,4005,3950,3468,3749,4294,4164,3511,2665,1745,1808,1417,1013,483,176,26,3
" "," 埔里鎮"
" "," "," 合計",84596,2809,3919,5693,5969,5808,6174,6533,5847,6465,7029,6821,6069,4505,3106,2874,2262,1662,771,232,40,8
" "," "," 男",42674,1402,2018,2949,3037,3025,3212,3347,2909,3255,3587,3433,2980,2282,1524,1380,1009,829,379,100,15,2
" "," "," 女",41922,1407,1901,2744,2932,2783,2962,3186,2938,3210,3442,3388,3089,2223,1582,1494,1253,833,392,132,25,6
" "," 草屯鎮"
" "," "," 合計",99249,3581,4678,6200,7603,7397,7942,8298,6963,7508,7910,7751,6860,5006,3122,3320,2477,1670,701,217,37,8
" "," "," 男",50177,1850,2388,3248,3907,3853,4104,4267,3488,3729,4020,3843,3502,2556,1578,1537,1200,745,271,79,11,1
" "," "," 女",49072,1731,2290,2952,3696,3544,3838,4031,3475,3779,3890,3908,3358,2450,1544,1783,1277,925,430,138,26,7
" "," 竹山鎮"
" "," "," 合計",57988,2017,2532,3429,3816,3992,4582,4834,4017,4114,4404,4309,3987,3418,2222,2494,1850,1221,520,179,45,6
" "," "," 男",29887,999,1296,1794,2004,2106,2381,2502,2179,2202,2368,2283,2027,1722,1093,1223,892,530,208,59,15,4
" "," "," 女",28101,1018,1236,1635,1812,1886,2201,2332,1838,1912,2036,2026,1960,1696,1129,1271,958,691,312,120,30,2
" "," 集集鎮"
" "," "," 合計",11737,375,469,603,767,728,823,858,792,946,950,899,726,646,479,637,492,316,156,64,9,2
" "," "," 男",6142,190,247,308,404,346,414,449,404,555,533,522,407,350,234,308,241,149,55,21,5,-
" "," "," 女",5595,185,222,295,363,382,409,409,388,391,417,377,319,296,245,329,251,167,101,43,4,2
" "," 名間鄉"
" "," "," 合計",40966,1458,1785,2294,2913,2852,3070,3170,2868,3015,3329,3100,2667,2157,1591,1719,1426,935,428,161,27,1
" "," "," 男",21498,771,917,1228,1464,1491,1617,1623,1531,1656,1861,1767,1471,1074,814,893,666,421,171,50,12,-
" "," "," 女",19468,687,868,1066,1449,1361,1453,1547,1337,1359,1468,1333,1196,1083,777,826,760,514,257,111,15,1
" "," 鹿谷鄉"
" "," "," 合計",18947,603,606,805,1208,1291,1404,1403,1153,1281,1564,1636,1410,1066,810,939,795,579,296,79,15,4
" "," "," 男",10062,304,318,409,622,662,740,764,650,741,869,952,818,558,407,479,357,257,123,23,6,3
" "," "," 女",8885,299,288,396,586,629,664,639,503,540,695,684,592,508,403,460,438,322,173,56,9,1
" "," 中寮鄉"
" "," "," 合計",16005,479,548,773,865,961,1058,1066,1023,1279,1445,1288,1109,922,770,893,719,454,250,84,19,-
" "," "," 男",8705,242,284,427,460,492,531,559,567,775,888,785,662,522,405,435,337,200,95,32,7,-
" "," "," 女",7300,237,264,346,405,469,527,507,456,504,557,503,447,400,365,458,382,254,155,52,12,-
" "," 魚池鄉"
" "," "," 合計",16927,534,638,841,997,1036,1141,1291,1191,1212,1412,1326,1276,994,744,815,653,500,236,74,14,2
" "," "," 男",8927,291,329,445,512,534,575,649,610,692,818,752,737,538,387,405,307,214,94,29,9,-
" "," "," 女",8000,243,309,396,485,502,566,642,581,520,594,574,539,456,357,410,346,286,142,45,5,2
" "," 國姓鄉"
" "," "," 合計",20351,566,791,932,1311,1315,1351,1343,1379,1666,1870,1668,1465,1136,918,1047,721,570,225,66,8,3
" "," "," 男",11077,298,411,517,700,708,724,723,770,1002,1151,991,810,609,443,501,345,263,86,22,1,2
" "," "," 女",9274,268,380,415,611,607,627,620,609,664,719,677,655,527,475,546,376,307,139,44,7,1
" "," 水里鄉"
" "," "," 合計",19700,581,754,995,1259,1320,1518,1486,1184,1416,1512,1681,1493,1096,837,947,764,547,227,69,13,1
" "," "," 男",10321,300,375,517,666,685,790,820,669,815,852,896,800,543,413,443,347,249,101,31,8,1
" "," "," 女",9379,281,379,478,593,635,728,666,515,601,660,785,693,553,424,504,417,298,126,38,5,-
" "," 信義鄉"
" "," "," 合計",17059,916,908,1080,1526,1506,1487,1264,1138,1240,1365,1293,1012,659,446,427,361,255,130,45,1,-
" "," "," 男",9237,490,478,553,788,795,798,685,646,709,789,788,560,346,222,212,177,130,53,18,-,-
" "," "," 女",7822,426,430,527,738,711,689,579,492,531,576,505,452,313,224,215,184,125,77,27,1,-
" "," 仁愛鄉"
" "," "," 合計",15595,1061,960,839,1168,1100,1219,1291,1130,1120,1360,1193,1044,700,394,373,270,218,126,21,7,1
" "," "," 男",8135,566,490,404,588,544,653,702,617,633,747,608,561,379,178,155,118,123,58,8,2,1
" "," "," 女",7460,495,470,435,580,556,566,589,513,487,613,585,483,321,216,218,152,95,68,13,5,-
" 民國101年底"
" "," 合計"
" "," "," 合計",520196,18191,22101,30060,36895,37477,38032,41178,35603,38054,41184,42187,36850,29843,18462,19676,15694,11191,5440,1711,332,35
" "," "," 男",267300,9421,11415,15710,18975,19545,19888,21458,18383,19979,21837,22110,19175,15288,9116,9451,7234,5086,2423,671,122,13
" "," "," 女",252896,8770,10686,14350,17920,17932,18144,19720,17220,18075,19347,20077,17675,14555,9346,10225,8460,6105,3017,1040,210,22
" "," 南投市"
" "," "," 合計",103285,3454,4749,6875,7617,8135,7929,8304,6886,7265,8023,8367,7191,5718,3286,3351,2671,1992,1063,336,65,8
" "," "," 男",51884,1848,2529,3548,3901,4340,4102,4286,3448,3578,3881,4103,3570,2802,1563,1532,1203,924,529,168,25,4
" "," "," 女",51401,1606,2220,3327,3716,3795,3827,4018,3438,3687,4142,4264,3621,2916,1723,1819,1468,1068,534,168,40,4
" "," 埔里鎮"
" "," "," 合計",84300,2752,3640,5385,6098,5755,5895,6579,5816,6430,6784,6968,6147,4970,3087,2921,2287,1646,833,252,48,7
" "," "," 男",42374,1375,1814,2854,3088,2986,3069,3344,2901,3213,3446,3521,3042,2453,1515,1420,1016,774,408,114,19,2
" "," "," 女",41926,1377,1826,2531,3010,2769,2826,3235,2915,3217,3338,3447,3105,2517,1572,1501,1271,872,425,138,29,5
" "," 草屯鎮"
" "," "," 合計",99374,3509,4463,5922,7479,7551,7594,8366,7076,7422,7847,7908,6937,5472,3197,3306,2542,1725,798,209,46,5
" "," "," 男",50240,1862,2287,3111,3824,3926,3964,4328,3532,3683,3971,3888,3539,2770,1601,1555,1212,760,333,80,13,1
" "," "," 女",49134,1647,2176,2811,3655,3625,3630,4038,3544,3739,3876,4020,3398,2702,1596,1751,1330,965,465,129,33,4
" "," 竹山鎮"
" "," "," 合計",57560,1952,2367,3269,3813,3865,4304,4823,4057,4102,4268,4451,4028,3588,2215,2421,1964,1256,589,176,49,3
" "," "," 男",29626,955,1228,1692,1993,2053,2247,2492,2203,2167,2293,2364,2040,1826,1099,1200,909,549,245,53,16,2
" "," "," 女",27934,997,1139,1577,1820,1812,2057,2331,1854,1935,1975,2087,1988,1762,1116,1221,1055,707,344,123,33,1
" "," 集集鎮"
" "," "," 合計",11576,346,418,557,772,747,755,852,763,914,948,927,741,703,441,625,491,344,152,67,12,1
" "," "," 男",6048,174,212,276,394,375,368,462,396,516,544,526,419,389,207,307,237,161,56,22,7,-
" "," "," 女",5528,172,206,281,378,372,387,390,367,398,404,401,322,314,234,318,254,183,96,45,5,1
" "," 名間鄉"
" "," "," 合計",40682,1419,1606,2136,2890,2920,2931,3114,2870,2977,3191,3271,2706,2308,1522,1718,1427,1018,432,192,31,3
" "," "," 男",21386,725,836,1151,1473,1518,1547,1635,1507,1631,1771,1864,1511,1164,767,898,677,460,174,64,11,2
" "," "," 女",19296,694,770,985,1417,1402,1384,1479,1363,1346,1420,1407,1195,1144,755,820,750,558,258,128,20,1
" "," 鹿谷鄉"
" "," "," 合計",18878,600,584,742,1165,1268,1371,1408,1150,1284,1476,1669,1457,1183,786,911,797,613,296,101,14,3
" "," "," 男",10015,285,317,383,607,640,721,761,642,746,829,964,818,647,397,467,354,265,139,30,3,-
" "," "," 女",8863,315,267,359,558,628,650,647,508,538,647,705,639,536,389,444,443,348,157,71,11,3
" "," 中寮鄉"
" "," "," 合計",15901,535,497,710,880,963,951,1098,1009,1226,1403,1361,1135,956,723,859,750,479,257,85,24,-
" "," "," 男",8624,295,242,382,477,497,485,564,528,740,876,812,678,554,387,403,352,214,97,33,8,-
" "," "," 女",7277,240,255,328,403,466,466,534,481,486,527,549,457,402,336,456,398,265,160,52,16,-
" "," 魚池鄉"
" "," "," 合計",16747,537,586,763,1023,1038,1046,1284,1193,1197,1309,1356,1311,1078,715,796,631,527,260,82,14,1
" "," "," 男",8801,269,313,408,525,534,520,663,598,667,753,768,750,589,378,392,292,246,99,29,8,-
" "," "," 女",7946,268,273,355,498,504,526,621,595,530,556,588,561,489,337,404,339,281,161,53,6,1
" "," 國姓鄉"
" "," "," 合計",20165,559,707,922,1271,1326,1297,1302,1346,1634,1800,1726,1504,1228,889,1010,755,559,244,74,10,2
" "," "," 男",10968,294,370,504,685,702,718,688,734,977,1129,1011,828,681,426,486,355,254,97,26,2,1
" "," "," 女",9197,265,337,418,586,624,579,614,612,657,671,715,676,547,463,524,400,305,147,48,8,1
" "," 水里鄉"
" "," "," 合計",19341,539,698,949,1224,1273,1444,1454,1160,1361,1513,1611,1569,1168,784,953,743,577,237,69,13,2
" "," "," 男",10145,280,345,495,651,646,765,816,646,800,851,854,834,604,392,432,340,254,104,27,8,1
" "," "," 女",9196,259,353,454,573,627,679,638,514,561,662,757,735,564,392,521,403,323,133,42,5,1
" "," 信義鄉"
" "," "," 合計",16802,899,880,982,1493,1520,1386,1262,1149,1185,1308,1337,1039,703,431,436,348,255,140,47,2,-
" "," "," 男",9073,483,456,488,774,786,767,693,632,673,760,800,577,385,211,209,171,120,68,20,-,-
" "," "," 女",7729,416,424,494,719,734,619,569,517,512,548,537,462,318,220,227,177,135,72,27,2,-
" "," 仁愛鄉"
" "," "," 合計",15585,1090,906,848,1170,1116,1129,1332,1128,1057,1314,1235,1085,768,386,369,288,200,139,21,4,-
" "," "," 男",8116,576,466,418,583,542,615,726,616,588,733,635,569,424,173,150,116,105,74,5,2,-
" "," "," 女",7469,514,440,430,587,574,514,606,512,469,581,600,516,344,213,219,172,95,65,16,2,-
" 民國102年底"
" "," 合計"
" "," "," 合計",517222,17737,20987,28771,35335,37061,36987,41008,36144,36619,40410,42904,37883,31435,19310,19296,15810,11368,5895,1849,373,40
" "," "," 男",265474,9201,10812,15026,18174,19346,19302,21481,18713,19001,21420,22469,19668,16176,9549,9220,7338,5116,2580,733,134,15
" "," "," 女",251748,8536,10175,13745,17161,17715,17685,19527,17431,17618,18990,20435,18215,15259,9761,10076,8472,6252,3315,1116,239,25
" "," 南投市"
" "," "," 合計",102790,3362,4553,6598,7316,7885,7788,8332,7087,6995,7757,8512,7430,6079,3465,3317,2677,1998,1175,382,71,11
" "," "," 男",51599,1795,2406,3439,3742,4182,4065,4327,3594,3419,3762,4156,3694,2970,1659,1508,1213,886,565,183,31,3
" "," "," 女",51191,1567,2147,3159,3574,3703,3723,4005,3493,3576,3995,4356,3736,3109,1806,1809,1464,1112,610,199,40,8
" "," 埔里鎮"
" "," "," 合計",83701,2550,3489,5078,5971,5738,5666,6521,5913,6173,6659,7063,6324,5278,3194,2887,2314,1655,916,249,55,8
" "," "," 男",42054,1279,1745,2673,3038,3016,2912,3384,2947,3055,3376,3558,3160,2550,1585,1392,1045,763,437,115,22,2
" "," "," 女",41647,1271,1744,2405,2933,2722,2754,3137,2966,3118,3283,3505,3164,2728,1609,1495,1269,892,479,134,33,6
" "," 草屯鎮"
" "," "," 合計",99297,3409,4378,5643,7053,7543,7410,8388,7240,7260,7728,8101,7040,5875,3399,3255,2642,1782,848,245,54,4
" "," "," 男",50152,1819,2235,2947,3639,3893,3879,4356,3608,3593,3882,4016,3566,3004,1687,1514,1271,791,342,94,15,1
" "," "," 女",49145,1590,2143,2696,3414,3650,3531,4032,3632,3667,3846,4085,3474,2871,1712,1741,1371,991,506,151,39,3
" "," 竹山鎮"
" "," "," 合計",57101,1886,2168,3207,3639,3813,4091,4725,4139,3990,4223,4489,4130,3694,2371,2429,1920,1314,627,195,46,5
" "," "," 男",29354,929,1117,1639,1904,2014,2133,2465,2233,2101,2251,2412,2082,1867,1187,1199,900,582,256,66,15,2
" "," "," 女",27747,957,1051,1568,1735,1799,1958,2260,1906,1889,1972,2077,2048,1827,1184,1230,1020,732,371,129,31,3
" "," 集集鎮"
" "," "," 合計",11413,327,383,513,748,765,709,828,773,863,933,974,760,670,479,579,518,349,162,65,15,-
" "," "," 男",5965,163,195,263,377,390,352,443,406,465,544,542,432,381,229,279,240,173,62,24,5,-
" "," "," 女",5448,164,188,250,371,375,357,385,367,398,389,432,328,289,250,300,278,176,100,41,10,-
" "," 名間鄉"
" "," "," 合計",40382,1342,1500,2022,2775,2905,2852,3125,2802,2884,3184,3301,2821,2399,1592,1673,1443,1056,472,190,40,4
" "," "," 男",21193,693,777,1075,1406,1517,1502,1638,1488,1569,1754,1871,1549,1239,799,863,712,464,198,64,12,3
" "," "," 女",19189,649,723,947,1369,1388,1350,1487,1314,1315,1430,1430,1272,1160,793,810,731,592,274,126,28,1
" "," 鹿谷鄉"
" "," "," 合計",18667,583,536,688,1073,1246,1336,1398,1169,1208,1405,1717,1525,1235,804,879,801,605,324,118,14,3
" "," "," 男",9914,276,286,356,559,643,701,738,664,690,801,971,868,685,418,440,368,261,146,38,4,1
" "," "," 女",8753,307,250,332,514,603,635,660,505,518,604,746,657,550,386,439,433,344,178,80,10,2
" "," 中寮鄉"
" "," "," 合計",15719,554,446,686,854,925,913,1080,1004,1131,1396,1425,1133,986,737,835,720,527,252,82,32,1
" "," "," 男",8540,298,227,364,454,482,474,572,523,658,873,860,666,585,395,393,335,243,93,31,13,1
" "," "," 女",7179,256,219,322,400,443,439,508,481,473,523,565,467,401,342,442,385,284,159,51,19,-
" "," 魚池鄉"
" "," "," 合計",16696,584,538,756,998,1031,1025,1222,1206,1166,1328,1363,1312,1131,720,767,646,518,281,93,11,-
" "," "," 男",8764,301,283,409,505,531,512,632,611,626,769,764,740,638,377,384,293,240,108,37,4,-
" "," "," 女",7932,283,255,347,493,500,513,590,595,540,559,599,572,493,343,383,353,278,173,56,7,-
" "," 國姓鄉"
" "," "," 合計",19919,564,607,907,1218,1297,1274,1279,1338,1517,1773,1762,1565,1264,884,963,779,557,274,83,12,2
" "," "," 男",10805,296,310,495,655,699,700,692,708,888,1120,1018,873,721,422,462,361,242,117,23,2,1
" "," "," 女",9114,268,297,412,563,598,574,587,630,629,653,744,692,543,462,501,418,315,157,60,10,1
" "," 水里鄉"
" "," "," 合計",19071,530,623,928,1127,1245,1403,1470,1177,1274,1469,1574,1625,1250,794,954,712,566,262,74,13,1
" "," "," 男",10005,281,310,479,603,642,732,810,671,737,821,858,839,671,386,447,312,260,108,30,7,1
" "," "," 女",9066,249,313,449,524,603,671,660,506,537,648,716,786,579,408,507,400,306,154,44,6,-
" "," 信義鄉"
" "," "," 合計",16727,926,843,926,1418,1481,1423,1324,1130,1138,1265,1353,1093,758,434,421,333,252,154,49,6,-
" "," "," 男",8995,487,447,472,733,758,779,706,625,644,740,788,615,426,205,199,166,114,70,19,2,-
" "," "," 女",7732,439,396,454,685,723,644,618,505,494,525,565,478,332,229,222,167,138,84,30,4,-
" "," 仁愛鄉"
" "," "," 合計",15739,1120,923,819,1145,1187,1097,1316,1166,1020,1290,1270,1125,816,437,337,305,189,148,24,4,1
" "," "," 男",8134,584,474,415,559,579,561,718,635,556,727,655,584,439,200,140,122,97,78,9,2,-
" "," "," 女",7605,536,449,404,586,608,536,598,531,464,563,615,541,377,237,197,183,92,70,15,2,1
" 民國103年底"
" "," 合計"
" "," "," 合計",514315,17574,19847,27129,33993,37474,35723,39906,37365,35252,39787,42710,39051,32863,20612,18549,16243,11536,6315,1956,383,47
" "," "," 男",263899,9122,10273,14117,17527,19543,18800,20901,19440,18131,21037,22312,20252,17007,10182,8885,7514,5174,2758,767,139,18
" "," "," 女",250416,8452,9574,13012,16466,17931,16923,19005,17925,17121,18750,20398,18799,15856,10430,9664,8729,6362,3557,1189,244,29
" "," 南投市"
" "," "," 合計",102314,3429,4279,6226,7071,7921,7543,8211,7377,6713,7627,8349,7718,6379,3734,3234,2764,2023,1216,414,74,12
" "," "," 男",51326,1809,2277,3253,3593,4206,3969,4272,3764,3271,3699,4040,3800,3147,1803,1462,1258,894,575,191,39,4
" "," "," 女",50988,1620,2002,2973,3478,3715,3574,3939,3613,3442,3928,4309,3918,3232,1931,1772,1506,1129,641,223,35,8
" "," 埔里鎮"
" "," "," 合計",83021,2526,3329,4718,5792,5811,5480,6229,6046,5949,6500,7053,6476,5482,3423,2867,2360,1665,998,257,48,12
" "," "," 男",41703,1282,1668,2481,2964,3034,2867,3220,3048,2904,3301,3531,3218,2656,1708,1377,1053,764,481,125,17,4
" "," "," 女",41318,1244,1661,2237,2828,2777,2613,3009,2998,3045,3199,3522,3258,2826,1715,1490,1307,901,517,132,31,8
" "," 草屯鎮"
" "," "," 合計",99209,3413,4217,5296,6835,7641,7155,8235,7578,7009,7678,7974,7314,6197,3717,3137,2714,1855,934,249,58,3
" "," "," 男",50119,1829,2170,2704,3553,3970,3760,4279,3831,3476,3840,3969,3637,3186,1821,1514,1268,823,378,93,16,2
" "," "," 女",49090,1584,2047,2592,3282,3671,3395,3956,3747,3533,3838,4005,3677,3011,1896,1623,1446,1032,556,156,42,1
" "," 竹山鎮"
" "," "," 合計",56662,1875,2082,2978,3523,3841,3923,4532,4319,3845,4114,4551,4174,3807,2560,2279,1987,1327,685,209,46,5
" "," "," 男",29120,929,1050,1551,1841,1997,2077,2375,2317,2028,2200,2450,2106,1922,1269,1120,946,587,276,70,9,-
" "," "," 女",27542,946,1032,1427,1682,1844,1846,2157,2002,1817,1914,2101,2068,1885,1291,1159,1041,740,409,139,37,5
" "," 集集鎮"
" "," "," 合計",11390,338,363,473,707,792,685,817,787,807,937,986,806,672,534,530,532,372,168,67,17,-
" "," "," 男",5962,161,194,237,354,404,360,438,411,426,558,535,466,380,263,253,245,179,71,23,4,-
" "," "," 女",5428,177,169,236,353,388,325,379,376,381,379,451,340,292,271,277,287,193,97,44,13,-
" "," 名間鄉"
" "," "," 合計",40019,1264,1376,1969,2631,2915,2801,2983,2893,2782,3187,3294,2889,2458,1671,1602,1475,1058,544,183,37,7
" "," "," 男",21007,653,722,1055,1352,1519,1467,1590,1539,1494,1749,1854,1592,1290,808,830,728,470,228,52,10,5
" "," "," 女",19012,611,654,914,1279,1396,1334,1393,1354,1288,1438,1440,1297,1168,863,772,747,588,316,131,27,2
" "," 鹿谷鄉"
" "," "," 合計",18538,554,505,628,1002,1258,1279,1353,1274,1110,1389,1702,1569,1303,849,831,816,619,353,126,15,3
" "," "," 男",9845,258,279,313,524,647,670,719,714,624,791,953,908,738,438,416,382,269,153,42,6,1
" "," "," 女",8693,296,226,315,478,611,609,634,560,486,598,749,661,565,411,415,434,350,200,84,9,2
" "," 中寮鄉"
" "," "," 合計",15566,535,398,651,848,901,902,1057,983,1060,1386,1416,1207,1019,749,791,752,530,257,89,34,1
" "," "," 男",8464,280,218,334,462,473,472,552,513,601,861,853,717,611,404,366,364,237,99,33,14,-
" "," "," 女",7102,255,180,317,386,428,430,505,470,459,525,563,490,408,345,425,388,293,158,56,20,1
" "," 魚池鄉"
" "," "," 合計",16501,541,527,688,976,1049,955,1174,1202,1149,1285,1393,1303,1197,738,716,677,532,278,108,11,2
" "," "," 男",8655,281,274,382,497,535,495,596,599,622,727,777,733,683,389,361,306,242,113,38,4,1
" "," "," 女",7846,260,253,306,479,514,460,578,603,527,558,616,570,514,349,355,371,290,165,70,7,1
" "," 國姓鄉"
" "," "," 合計",19715,522,534,876,1134,1331,1204,1277,1321,1431,1751,1816,1607,1329,907,920,799,554,298,90,14,-
" "," "," 男",10661,280,266,471,611,714,659,691,708,815,1079,1050,931,746,444,436,354,253,123,25,5,-
" "," "," 女",9054,242,268,405,523,617,545,586,613,616,672,766,676,583,463,484,445,301,175,65,9,-
" "," 水里鄉"
" "," "," 合計",18717,514,565,871,1083,1220,1289,1407,1218,1205,1464,1522,1629,1349,800,895,737,561,287,83,16,2
" "," "," 男",9819,273,288,453,575,630,687,740,702,683,834,822,868,729,377,411,327,256,115,39,9,1
" "," "," 女",8898,241,277,418,508,590,602,667,516,522,630,700,761,620,423,484,410,305,172,44,7,1
" "," 信義鄉"
" "," "," 合計",16813,971,803,912,1286,1521,1412,1362,1147,1136,1245,1342,1185,809,466,404,341,254,157,52,8,-
" "," "," 男",9033,501,425,460,663,782,772,739,637,625,712,790,678,451,226,193,168,113,71,24,3,-
" "," "," 女",7780,470,378,452,623,739,640,623,510,511,533,552,507,358,240,211,173,141,86,28,5,-
" "," 仁愛鄉"
" "," "," 合計",15850,1092,869,843,1105,1273,1095,1269,1220,1056,1224,1312,1174,862,464,343,289,186,140,29,5,-
" "," "," 男",8185,586,442,423,538,632,545,690,657,562,686,688,598,468,232,146,115,87,75,12,3,-
" "," "," 女",7665,506,427,420,567,641,550,579,563,494,538,624,576,394,232,197,174,99,65,17,2,-
" 民國104年底"
" "," 合計"
" "," "," 合計",509490,17400,18553,25012,33156,37043,35142,38110,38005,34133,39171,42228,39682,34346,22580,17543,16460,11678,6635,2142,419,52
" "," "," 男",261379,9016,9659,12994,17130,19304,18649,20116,19809,17515,20578,21982,20624,17722,11253,8391,7563,5187,2851,872,143,21
" "," "," 女",248111,8384,8894,12018,16026,17739,16493,17994,18196,16618,18593,20246,19058,16624,11327,9152,8897,6491,3784,1270,276,31
" "," 南投市"
" "," "," 合計",101622,3435,4085,5715,6879,7732,7552,7894,7574,6602,7506,8248,7799,6607,4226,3103,2784,2043,1284,450,90,14
" "," "," 男",50992,1801,2158,3044,3501,4091,4019,4104,3945,3229,3639,3963,3814,3246,2051,1406,1244,896,583,206,47,5
" "," "," 女",50630,1634,1927,2671,3378,3641,3533,3790,3629,3373,3867,4285,3985,3361,2175,1697,1540,1147,701,244,43,9
" "," 埔里鎮"
" "," "," 合計",82212,2524,3120,4234,5700,5780,5449,5935,6116,5734,6394,6974,6610,5729,3720,2761,2391,1677,1018,280,56,10
" "," "," 男",41233,1289,1583,2171,2936,3032,2912,3066,3088,2797,3217,3471,3275,2763,1851,1321,1081,736,483,138,19,4
" "," "," 女",40979,1235,1537,2063,2764,2748,2537,2869,3028,2937,3177,3503,3335,2966,1869,1440,1310,941,535,142,37,6
" "," 草屯鎮"
" "," "," 合計",98837,3441,3911,4941,6607,7645,7097,7853,7813,6795,7660,7891,7536,6562,4128,2920,2801,1883,1005,290,52,6
" "," "," 男",49957,1824,2030,2534,3448,3955,3738,4155,3989,3334,3797,3946,3723,3357,2045,1430,1269,859,397,111,15,1
" "," "," 女",48880,1617,1881,2407,3159,3690,3359,3698,3824,3461,3863,3945,3813,3205,2083,1490,1532,1024,608,179,37,5
" "," 竹山鎮"
" "," "," 合計",56053,1858,1932,2719,3493,3804,3766,4325,4382,3782,4144,4448,4176,3939,2770,2121,2032,1353,739,222,45,3
" "," "," 男",28781,944,951,1406,1825,1984,2000,2274,2313,2016,2195,2387,2139,1978,1383,1042,970,605,279,80,10,-
" "," "," 女",27272,914,981,1313,1668,1820,1766,2051,2069,1766,1949,2061,2037,1961,1387,1079,1062,748,460,142,35,3
" "," 集集鎮"
" "," "," 合計",11229,340,345,429,660,784,697,771,777,754,917,963,845,688,578,474,521,401,189,73,22,1
" "," "," 男",5848,172,178,210,322,398,355,417,411,385,549,524,491,382,292,228,225,197,81,25,6,-
" "," "," 女",5381,168,167,219,338,386,342,354,366,369,368,439,354,306,286,246,296,204,108,48,16,1
" "," 名間鄉"
" "," "," 合計",39666,1241,1235,1828,2603,2889,2721,2888,2891,2708,3124,3316,2944,2576,1793,1551,1456,1085,581,187,44,5
" "," "," 男",20835,632,650,966,1364,1507,1410,1566,1520,1457,1724,1845,1647,1379,864,784,725,461,254,64,12,4
" "," "," 女",18831,609,585,862,1239,1382,1311,1322,1371,1251,1400,1471,1297,1197,929,767,731,624,327,123,32,1
" "," 鹿谷鄉"
" "," "," 合計",18234,542,449,581,964,1224,1237,1267,1307,1076,1316,1632,1602,1404,900,791,809,609,367,135,21,1
" "," "," 男",9704,255,255,301,490,628,657,684,715,611,753,895,926,804,467,393,394,263,158,51,4,-
" "," "," 女",8530,287,194,280,474,596,580,583,592,465,563,737,676,600,433,398,415,346,209,84,17,1
" "," 中寮鄉"
" "," "," 合計",15353,493,363,602,864,887,871,998,999,1001,1318,1440,1231,1078,788,721,769,540,262,97,27,4
" "," "," 男",8351,260,192,319,463,468,464,518,526,556,797,884,743,633,437,347,364,229,101,39,9,2
" "," "," 女",7002,233,171,283,401,419,407,480,473,445,521,556,488,445,351,374,405,311,161,58,18,2
" "," 魚池鄉"
" "," "," 合計",16289,530,481,637,980,1019,932,1099,1203,1118,1258,1385,1315,1215,803,678,687,520,302,108,16,3
" "," "," 男",8534,270,263,336,506,528,478,574,599,584,711,768,741,685,433,340,304,248,125,36,3,2
" "," "," 女",7755,260,218,301,474,491,454,525,604,534,547,617,574,530,370,338,383,272,177,72,13,1
" "," 國姓鄉"
" "," "," 合計",19360,507,502,801,1044,1314,1202,1182,1312,1327,1705,1825,1636,1361,955,878,836,546,307,100,18,2
" "," "," 男",10487,265,260,429,566,697,674,655,697,755,1039,1077,945,750,482,407,379,244,121,38,7,-
" "," "," 女",8873,242,242,372,478,617,528,527,615,572,666,748,691,611,473,471,457,302,186,62,11,2
" "," 水里鄉"
" "," "," 合計",18339,491,497,818,1055,1195,1207,1320,1249,1136,1399,1497,1633,1382,897,830,731,585,302,98,14,3
" "," "," 男",9629,254,268,425,553,626,642,714,699,644,793,816,863,769,430,372,335,250,127,41,5,3
" "," "," 女",8710,237,229,393,502,569,565,606,550,492,606,681,770,613,467,458,396,335,175,57,9,-
" "," 信義鄉"
" "," "," 合計",16525,903,785,863,1217,1486,1357,1362,1169,1064,1246,1303,1193,881,493,376,352,254,151,61,9,-
" "," "," 男",8875,465,418,443,619,754,767,732,651,585,702,731,719,485,250,178,158,120,70,25,3,-
" "," "," 女",7650,438,367,420,598,732,590,630,518,479,544,572,474,396,243,198,194,134,81,36,6,-
" "," 仁愛鄉"
" "," "," 合計",15771,1095,848,844,1090,1284,1054,1216,1213,1036,1184,1306,1162,924,529,339,291,182,128,41,5,-
" "," "," 男",8153,585,453,410,537,636,533,657,656,562,662,675,598,491,268,143,115,79,72,18,3,-
" "," "," 女",7618,510,395,434,553,648,521,559,557,474,522,631,564,433,261,196,176,103,56,23,2,-

"1.本要覽所用符號代表意義如下： "
"    「－」代表無數值。 "
"   「…」代表數值不明或尚未產生資料。 "
"    「０」代表有數值而不及半單位。 "

