"人口統計指標-月 依 期間, 鄉鎮市別 與 項目別"

" "," "," 土地面積(平方公里)"," 村里數"," 鄰數"," 現住戶數"," 現住人口數"," 現住人口數--男"," 現住人口數--女"," 遷入人數"," 遷出人數"," 社會增加率(0/00)"," 出生人數"," 死亡人數"," 自然增加率(0/00)"," 戶量(人／戶) "," 性比例(男／女)x 100"," 人口密度( 人／平方公里 )"," 0-14歲--人口數"," 0-14歲--占總人口比率(%)"," 15-64歲--人口數"," 15-64歲--占總人口比率(%)"," 65歲以上--人口數"," 65歲以上--占總人口比率(%)"
"2014M12"
" "," 嘉義縣",1903.6367,357,5347,181300,524783,273324,251459,1744,2349,-1.15,290,481,-0.36,2.89,108.70,275.67,59838,11.40,376550,71.75,88395,16.84
" "," 01太保市",66.8964,18,250,12158,37038,19077,17961,176,156,0.54,19,29,-0.27,3.05,106.21,553.66,5544,14.97,27088,73.14,4406,11.90
" "," 02朴子市",49.5737,27,414,15405,43250,21923,21327,199,189,0.23,42,20,0.51,2.81,102.79,872.44,6393,14.78,29827,68.96,7030,16.25
" "," 03布袋鎮",61.7307,23,375,10115,28423,14565,13858,74,112,-1.34,15,30,-0.53,2.81,105.10,460.44,2812,9.89,20477,72.04,5134,18.06
" "," 04大林鎮",64.1663,21,317,11389,32159,16479,15680,88,128,-1.24,18,24,-0.19,2.82,105.10,501.18,3673,11.42,22463,69.85,6023,18.73
" "," 05民雄鄉",85.4969,28,522,24041,71903,36837,35066,293,294,-0.01,39,53,-0.19,2.99,105.05,841.00,8978,12.49,53557,74.49,9368,13.03
" "," 06溪口鄉",33.0463,14,205,5435,15393,8224,7169,43,119,-4.92,7,18,-0.71,2.83,114.72,465.80,1453,9.44,10604,68.89,3336,21.67
" "," 07新港鄉",66.0495,23,380,10589,33186,17576,15610,87,155,-2.05,20,34,-0.42,3.13,112.59,502.44,4296,12.95,22748,68.55,6142,18.51
" "," 08六腳鄉",62.2619,25,328,9024,24613,13052,11561,58,113,-2.23,15,38,-0.93,2.73,112.90,395.31,2102,8.54,16685,67.79,5826,23.67
" "," 09東石鄉",81.5821,23,357,9439,26235,13921,12314,69,164,-3.61,11,26,-0.57,2.78,113.05,321.58,2649,10.10,18138,69.14,5448,20.77
" "," 10義竹鄉",79.2925,22,311,7550,19578,10177,9401,44,99,-2.80,9,21,-0.61,2.59,108.25,246.91,1667,8.51,13447,68.68,4464,22.80
" "," 11鹿草鄉",54.3151,15,255,5820,16384,8771,7613,40,76,-2.19,9,22,-0.79,2.82,115.21,301.65,1479,9.03,11161,68.12,3744,22.85
" "," 12水上鄉",69.1198,26,409,17834,50726,26176,24550,205,244,-0.77,22,46,-0.47,2.84,106.62,733.89,5031,9.92,38284,75.47,7411,14.61
" "," 13中埔鄉",129.5016,22,375,15945,46156,24039,22117,167,191,-0.52,23,31,-0.17,2.89,108.69,356.41,4949,10.72,34644,75.06,6563,14.22
" "," 14竹崎鄉",162.2256,24,407,11592,36924,19704,17220,104,127,-0.62,15,42,-0.73,3.19,114.43,227.61,3982,10.78,26784,72.54,6158,16.68
" "," 15梅山鄉",119.7571,18,200,6762,20304,10782,9522,38,69,-1.53,12,26,-0.69,3.00,113.23,169.54,2082,10.25,14209,69.98,4013,19.76
" "," 16番路鄉",117.5269,11,115,4304,12089,6537,5552,31,78,-3.88,7,11,-0.33,2.81,117.74,102.86,1306,10.80,8764,72.50,2019,16.70
" "," 17大埔鄉",173.2472,5,49,1943,4658,2427,2231,10,13,-0.64,6,1,1.07,2.40,108.79,26.89,593,12.73,3481,74.73,584,12.54
" "," 18阿里山鄉",427.8471,12,78,1955,5764,3057,2707,18,22,-0.69,1,9,-1.39,2.95,112.93,13.47,849,14.73,4189,72.68,726,12.60
"2015M01"
" "," 嘉義縣",1903.6367,357,5347,181352,524276,273069,251207,1444,1717,-0.52,255,489,-0.45,2.89,108.70,275.41,59508,11.35,376156,71.75,88612,16.90
" "," 01太保市",66.8964,18,250,12174,37055,19077,17978,147,125,0.59,22,27,-0.14,3.04,106.11,553.92,5524,14.91,27118,73.18,4413,11.91
" "," 02朴子市",49.5737,27,414,15403,43240,21919,21321,140,139,0.02,23,34,-0.25,2.81,102.80,872.24,6374,14.74,29795,68.91,7071,16.35
" "," 03布袋鎮",61.7307,23,375,10115,28367,14527,13840,54,99,-1.58,14,25,-0.39,2.80,104.96,459.53,2782,9.81,20430,72.02,5155,18.17
" "," 04大林鎮",64.1663,21,317,11380,32106,16458,15648,65,94,-0.90,12,36,-0.75,2.82,105.18,500.36,3640,11.34,22439,69.89,6027,18.77
" "," 05民雄鄉",85.4969,28,522,24070,71929,36837,35092,271,223,0.67,28,50,-0.31,2.99,104.97,841.31,8960,12.46,53566,74.47,9403,13.07
" "," 06溪口鄉",33.0463,14,205,5421,15333,8189,7144,20,76,-3.65,8,12,-0.26,2.83,114.63,463.99,1431,9.33,10561,68.88,3341,21.79
" "," 07新港鄉",66.0495,23,380,10588,33158,17553,15605,83,90,-0.21,21,42,-0.63,3.13,112.48,502.02,4295,12.95,22728,68.54,6135,18.50
" "," 08六腳鄉",62.2619,25,328,9020,24562,13037,11525,47,82,-1.42,11,27,-0.65,2.72,113.12,394.49,2086,8.49,16650,67.79,5826,23.72
" "," 09東石鄉",81.5821,23,357,9438,26184,13889,12295,56,96,-1.53,18,29,-0.42,2.77,112.96,320.95,2635,10.06,18083,69.06,5466,20.88
" "," 10義竹鄉",79.2925,22,311,7558,19556,10171,9385,40,48,-0.41,8,22,-0.72,2.59,108.38,246.63,1664,8.51,13424,68.64,4468,22.85
" "," 11鹿草鄉",54.3151,15,255,5812,16344,8755,7589,31,50,-1.16,1,22,-1.28,2.81,115.36,300.91,1456,8.91,11149,68.21,3739,22.88
" "," 12水上鄉",69.1198,26,409,17857,50699,26188,24511,190,181,0.18,27,63,-0.71,2.84,106.84,733.49,5028,9.92,38257,75.46,7414,14.62
" "," 13中埔鄉",129.5016,22,375,15953,46119,24019,22100,151,175,-0.52,27,40,-0.28,2.89,108.68,356.13,4907,10.64,34618,75.06,6594,14.30
" "," 14竹崎鄉",162.2256,24,407,11595,36870,19678,17192,61,97,-0.98,12,30,-0.49,3.18,114.46,227.28,3933,10.67,26765,72.59,6172,16.74
" "," 15梅山鄉",119.7571,18,200,6761,20279,10767,9512,31,51,-0.99,11,16,-0.25,3.00,113.19,169.33,2059,10.15,14186,69.95,4034,19.89
" "," 16番路鄉",117.5269,11,115,4306,12058,6522,5536,32,60,-2.32,4,7,-0.25,2.80,117.81,102.60,1294,10.73,8728,72.38,2036,16.89
" "," 17大埔鄉",173.2472,5,49,1946,4662,2428,2234,17,16,0.21,5,2,0.64,2.40,108.68,26.91,595,12.76,3481,74.67,586,12.57
" "," 18阿里山鄉",427.8471,12,78,1955,5755,3055,2700,8,15,-1.22,3,5,-0.35,2.94,113.15,13.45,845,14.68,4178,72.60,732,12.72
"2015M02"
" "," 嘉義縣",1903.6367,357,5347,181337,523835,272846,250989,1013,1253,-0.46,214,415,-0.38,2.89,108.71,275.18,59164,11.29,376013,71.78,88658,16.92
" "," 01太保市",66.8964,18,250,12188,37089,19090,17999,112,72,1.08,14,20,-0.16,3.04,106.06,554.42,5518,14.88,27153,73.21,4418,11.91
" "," 02朴子市",49.5737,27,414,15406,43220,21917,21303,111,116,-0.12,14,29,-0.35,2.81,102.88,871.83,6334,14.66,29812,68.98,7074,16.37
" "," 03布袋鎮",61.7307,23,375,10103,28312,14494,13818,36,74,-1.34,11,28,-0.60,2.80,104.89,458.64,2762,9.76,20400,72.05,5150,18.19
" "," 04大林鎮",64.1663,21,317,11380,32058,16426,15632,53,78,-0.78,9,32,-0.72,2.82,105.08,499.61,3600,11.23,22433,69.98,6025,18.79
" "," 05民雄鄉",85.4969,28,522,24095,71951,36841,35110,176,146,0.42,27,35,-0.11,2.99,104.93,841.56,8917,12.39,53614,74.51,9420,13.09
" "," 06溪口鄉",33.0463,14,205,5412,15302,8174,7128,25,44,-1.24,7,19,-0.78,2.83,114.67,463.05,1422,9.29,10549,68.94,3331,21.77
" "," 07新港鄉",66.0495,23,380,10583,33121,17537,15584,59,80,-0.63,10,26,-0.48,3.13,112.53,501.46,4261,12.86,22729,68.62,6131,18.51
" "," 08六腳鄉",62.2619,25,328,9014,24496,13007,11489,24,72,-1.96,5,23,-0.73,2.72,113.21,393.43,2066,8.43,16593,67.74,5837,23.83
" "," 09東石鄉",81.5821,23,357,9423,26143,13868,12275,31,60,-1.11,15,27,-0.46,2.77,112.98,320.45,2629,10.06,18056,69.07,5458,20.88
" "," 10義竹鄉",79.2925,22,311,7552,19517,10141,9376,20,41,-1.07,6,24,-0.92,2.58,108.16,246.14,1647,8.44,13403,68.67,4467,22.89
" "," 11鹿草鄉",54.3151,15,255,5809,16328,8749,7579,28,30,-0.12,8,22,-0.86,2.81,115.44,300.62,1447,8.86,11149,68.28,3732,22.86
" "," 12水上鄉",69.1198,26,409,17858,50673,26193,24480,116,133,-0.34,21,30,-0.18,2.84,107.00,733.12,5001,9.87,38242,75.47,7430,14.66
" "," 13中埔鄉",129.5016,22,375,15942,46062,23991,22071,83,130,-1.02,21,31,-0.22,2.89,108.70,355.69,4877,10.59,34583,75.08,6602,14.33
" "," 14竹崎鄉",162.2256,24,407,11608,36854,19672,17182,64,70,-0.16,22,32,-0.27,3.17,114.49,227.18,3911,10.61,26761,72.61,6182,16.77
" "," 15梅山鄉",119.7571,18,200,6762,20252,10756,9496,34,49,-0.74,8,20,-0.59,3.00,113.27,169.11,2048,10.11,14166,69.95,4038,19.94
" "," 16番路鄉",117.5269,11,115,4308,12053,6521,5532,24,29,-0.41,8,8,-,2.80,117.88,102.56,1285,10.66,8732,72.45,2036,16.89
" "," 17大埔鄉",173.2472,5,49,1944,4653,2419,2234,5,16,-2.36,4,2,0.43,2.39,108.28,26.86,592,12.72,3467,74.51,594,12.77
" "," 18阿里山鄉",427.8471,12,78,1950,5751,3050,2701,12,13,-0.17,4,7,-0.52,2.95,112.92,13.44,847,14.73,4171,72.53,733,12.75
"2015M03"
" "," 嘉義縣",1903.6367,357,5347,181389,523162,272478,250684,1670,2086,-0.79,301,558,-0.49,2.88,108.69,274.82,58769,11.23,375562,71.79,88831,16.98
" "," 01太保市",66.8964,18,250,12202,37078,19073,18005,151,161,-0.27,22,23,-0.03,3.04,105.93,554.26,5478,14.77,27166,73.27,4434,11.96
" "," 02朴子市",49.5737,27,414,15420,43233,21917,21316,187,160,0.62,30,44,-0.32,2.80,102.82,872.10,6341,14.67,29806,68.94,7086,16.39
" "," 03布袋鎮",61.7307,23,375,10082,28245,14453,13792,59,108,-1.73,17,35,-0.64,2.80,104.79,457.55,2733,9.68,20342,72.02,5170,18.30
" "," 04大林鎮",64.1663,21,317,11395,32012,16408,15604,83,113,-0.94,16,32,-0.50,2.81,105.15,498.89,3571,11.16,22406,69.99,6035,18.85
" "," 05民雄鄉",85.4969,28,522,24125,71968,36838,35130,286,240,0.64,44,73,-0.40,2.98,104.86,841.76,8891,12.35,53640,74.53,9437,13.11
" "," 06溪口鄉",33.0463,14,205,5403,15260,8150,7110,37,58,-1.37,10,31,-1.37,2.82,114.63,461.78,1422,9.32,10517,68.92,3321,21.76
" "," 07新港鄉",66.0495,23,380,10591,33084,17516,15568,90,115,-0.76,16,28,-0.36,3.12,112.51,500.90,4222,12.76,22716,68.66,6146,18.58
" "," 08六腳鄉",62.2619,25,328,9003,24453,12986,11467,65,92,-1.10,16,32,-0.65,2.72,113.25,392.74,2057,8.41,16557,67.71,5839,23.88
" "," 09東石鄉",81.5821,23,357,9411,26029,13810,12219,54,135,-3.11,9,42,-1.26,2.77,113.02,319.05,2572,9.88,17975,69.06,5482,21.06
" "," 10義竹鄉",79.2925,22,311,7540,19478,10123,9355,42,66,-1.23,13,28,-0.77,2.58,108.21,245.65,1642,8.43,13366,68.62,4470,22.95
" "," 11鹿草鄉",54.3151,15,255,5809,16308,8742,7566,47,58,-0.67,5,14,-0.55,2.81,115.54,300.25,1422,8.72,11143,68.33,3743,22.95
" "," 12水上鄉",69.1198,26,409,17866,50627,26152,24475,206,228,-0.43,25,49,-0.47,2.83,106.85,732.45,4990,9.86,38194,75.44,7443,14.70
" "," 13中埔鄉",129.5016,22,375,15946,45989,23957,22032,153,213,-1.30,33,46,-0.28,2.88,108.74,355.12,4833,10.51,34536,75.10,6620,14.39
" "," 14竹崎鄉",162.2256,24,407,11624,36783,19652,17131,107,166,-1.60,17,29,-0.33,3.16,114.72,226.74,3887,10.57,26699,72.59,6197,16.85
" "," 15梅山鄉",119.7571,18,200,6773,20228,10741,9487,47,61,-0.69,12,22,-0.49,2.99,113.22,168.91,2022,10.00,14165,70.03,4041,19.98
" "," 16番路鄉",117.5269,11,115,4305,11998,6497,5501,35,71,-2.99,3,22,-1.58,2.79,118.11,102.09,1264,10.54,8703,72.54,2031,16.93
" "," 17大埔鄉",173.2472,5,49,1943,4634,2410,2224,6,25,-4.09,4,4,-,2.38,108.36,26.75,578,12.47,3459,74.64,597,12.88
" "," 18阿里山鄉",427.8471,12,78,1951,5755,3053,2702,15,16,-0.17,9,4,0.87,2.95,112.99,13.45,844,14.67,4172,72.49,739,12.84
"2015M04"
" "," 嘉義縣",1903.6367,357,5347,181497,522587,272177,250410,1455,1809,-0.68,219,440,-0.42,2.88,108.69,274.52,58347,11.16,375224,71.80,89016,17.03
" "," 01太保市",66.8964,18,250,12218,37085,19090,17995,138,136,0.05,22,17,0.13,3.04,106.08,554.36,5459,14.72,27175,73.28,4451,12.00
" "," 02朴子市",49.5737,27,414,15434,43233,21896,21337,182,163,0.44,20,39,-0.44,2.80,102.62,872.10,6358,14.71,29802,68.93,7073,16.36
" "," 03布袋鎮",61.7307,23,375,10078,28180,14409,13771,53,96,-1.52,10,32,-0.78,2.80,104.63,456.50,2706,9.60,20308,72.07,5166,18.33
" "," 04大林鎮",64.1663,21,317,11402,32017,16404,15613,106,74,1.00,6,33,-0.84,2.81,105.07,498.97,3558,11.11,22408,69.99,6051,18.90
" "," 05民雄鄉",85.4969,28,522,24167,71940,36850,35090,214,226,-0.17,27,43,-0.22,2.98,105.02,841.43,8859,12.31,53624,74.54,9457,13.15
" "," 06溪口鄉",33.0463,14,205,5409,15250,8144,7106,43,49,-0.39,7,11,-0.26,2.82,114.61,461.47,1407,9.23,10518,68.97,3325,21.80
" "," 07新港鄉",66.0495,23,380,10597,33044,17489,15555,53,87,-1.03,15,21,-0.18,3.12,112.43,500.29,4187,12.67,22703,68.71,6154,18.62
" "," 08六腳鄉",62.2619,25,328,8999,24411,12966,11445,69,92,-0.94,9,28,-0.78,2.71,113.29,392.07,2028,8.31,16535,67.74,5848,23.96
" "," 09東石鄉",81.5821,23,357,9405,25946,13767,12179,55,125,-2.69,15,28,-0.50,2.76,113.04,318.04,2524,9.73,17920,69.07,5502,21.21
" "," 10義竹鄉",79.2925,22,311,7535,19442,10100,9342,37,54,-0.87,3,22,-0.98,2.58,108.11,245.19,1615,8.31,13349,68.66,4478,23.03
" "," 11鹿草鄉",54.3151,15,255,5809,16277,8730,7547,28,51,-1.41,5,13,-0.49,2.80,115.68,299.68,1401,8.61,11126,68.35,3750,23.04
" "," 12水上鄉",69.1198,26,409,17872,50568,26134,24434,163,200,-0.73,23,45,-0.43,2.83,106.96,731.60,4937,9.76,38178,75.50,7453,14.74
" "," 13中埔鄉",129.5016,22,375,15958,45938,23932,22006,137,177,-0.87,24,35,-0.24,2.88,108.75,354.73,4813,10.48,34483,75.06,6642,14.46
" "," 14竹崎鄉",162.2256,24,407,11638,36738,19630,17108,75,110,-0.95,22,32,-0.27,3.16,114.74,226.46,3853,10.49,26665,72.58,6220,16.93
" "," 15梅山鄉",119.7571,18,200,6770,20187,10710,9477,39,66,-1.34,5,19,-0.69,2.98,113.01,168.57,2004,9.93,14125,69.97,4058,20.10
" "," 16番路鄉",117.5269,11,115,4309,11966,6477,5489,37,59,-1.84,3,13,-0.83,2.78,118.00,101.82,1241,10.37,8680,72.54,2045,17.09
" "," 17大埔鄉",173.2472,5,49,1942,4619,2404,2215,13,27,-3.03,3,4,-0.22,2.38,108.53,26.66,564,12.21,3454,74.78,601,13.01
" "," 18阿里山鄉",427.8471,12,78,1955,5746,3045,2701,13,17,-0.70,-,5,-0.87,2.94,112.74,13.43,833,14.50,4171,72.59,742,12.91
"2015M05"
" "," 嘉義縣",1903.6367,357,5347,181578,522065,271907,250158,1373,1686,-0.60,219,428,-0.40,2.88,108.69,274.25,57985,11.11,375093,71.85,88987,17.05
" "," 01太保市",66.8964,18,250,12225,37081,19090,17991,129,131,-0.05,22,24,-0.05,3.03,106.11,554.30,5425,14.63,27202,73.36,4454,12.01
" "," 02朴子市",49.5737,27,414,15445,43192,21874,21318,141,164,-0.53,17,35,-0.42,2.80,102.61,871.27,6327,14.65,29810,69.02,7055,16.33
" "," 03布袋鎮",61.7307,23,375,10068,28113,14376,13737,29,78,-1.74,7,25,-0.64,2.79,104.65,455.41,2664,9.48,20286,72.16,5163,18.37
" "," 04大林鎮",64.1663,21,317,11404,31962,16379,15583,59,95,-1.13,11,30,-0.59,2.80,105.11,498.11,3525,11.03,22383,70.03,6054,18.94
" "," 05民雄鄉",85.4969,28,522,24196,71912,36831,35081,219,246,-0.38,45,46,-0.01,2.97,104.99,841.11,8826,12.27,53625,74.57,9461,13.16
" "," 06溪口鄉",33.0463,14,205,5410,15219,8136,7083,32,51,-1.25,6,18,-0.79,2.81,114.87,460.54,1396,9.17,10497,68.97,3326,21.85
" "," 07新港鄉",66.0495,23,380,10604,33018,17466,15552,81,86,-0.15,8,29,-0.64,3.11,112.31,499.90,4170,12.63,22699,68.75,6149,18.62
" "," 08六腳鄉",62.2619,25,328,8997,24376,12955,11421,53,66,-0.53,11,33,-0.90,2.71,113.43,391.51,2016,8.27,16522,67.78,5838,23.95
" "," 09東石鄉",81.5821,23,357,9397,25901,13736,12165,49,79,-1.16,9,24,-0.58,2.76,112.91,317.48,2497,9.64,17916,69.17,5488,21.19
" "," 10義竹鄉",79.2925,22,311,7531,19391,10080,9311,36,70,-1.75,7,24,-0.88,2.57,108.26,244.55,1592,8.21,13330,68.74,4469,23.05
" "," 11鹿草鄉",54.3151,15,255,5807,16250,8717,7533,33,49,-0.98,5,16,-0.68,2.80,115.72,299.18,1393,8.57,11112,68.38,3745,23.05
" "," 12水上鄉",69.1198,26,409,17884,50567,26138,24429,182,166,0.32,16,33,-0.34,2.83,107.00,731.58,4910,9.71,38202,75.55,7455,14.74
" "," 13中埔鄉",129.5016,22,375,15974,45886,23909,21977,119,162,-0.94,24,33,-0.20,2.87,108.79,354.33,4796,10.45,34447,75.07,6643,14.48
" "," 14竹崎鄉",162.2256,24,407,11650,36725,19610,17115,97,94,0.08,8,24,-0.44,3.15,114.58,226.38,3835,10.44,26658,72.59,6232,16.97
" "," 15梅山鄉",119.7571,18,200,6769,20166,10698,9468,38,53,-0.74,10,16,-0.30,2.98,112.99,168.39,1994,9.89,14117,70.00,4055,20.11
" "," 16番路鄉",117.5269,11,115,4321,11956,6466,5490,48,54,-0.50,5,9,-0.33,2.77,117.78,101.73,1226,10.25,8676,72.57,2054,17.18
" "," 17大埔鄉",173.2472,5,49,1941,4614,2403,2211,21,25,-0.87,3,4,-0.22,2.38,108.68,26.63,565,12.25,3448,74.73,601,13.03
" "," 18阿里山鄉",427.8471,12,78,1955,5736,3043,2693,7,17,-1.74,5,5,-,2.93,113.00,13.41,828,14.44,4163,72.58,745,12.99
"2015M06"
" "," 嘉義縣",1903.6367,357,5347,181653,521591,271681,249910,1408,1614,-0.39,225,493,-0.51,2.87,108.71,274.00,57638,11.05,375069,71.91,88884,17.04
" "," 01太保市",66.8964,18,250,12258,37036,19064,17972,94,128,-0.92,15,26,-0.30,3.02,106.08,553.63,5368,14.49,27221,73.50,4447,12.01
" "," 02朴子市",49.5737,27,414,15461,43175,21859,21316,158,161,-0.07,23,37,-0.32,2.79,102.55,870.93,6301,14.59,29833,69.10,7041,16.31
" "," 03布袋鎮",61.7307,23,375,10068,28079,14360,13719,67,83,-0.57,9,27,-0.64,2.79,104.67,454.86,2628,9.36,20300,72.30,5151,18.34
" "," 04大林鎮",64.1663,21,317,11397,31917,16349,15568,48,68,-0.63,9,34,-0.78,2.80,105.02,497.41,3503,10.98,22363,70.07,6051,18.96
" "," 05民雄鄉",85.4969,28,522,24230,71904,36825,35079,207,191,0.22,34,58,-0.33,2.97,104.98,841.01,8769,12.20,53682,74.66,9453,13.15
" "," 06溪口鄉",33.0463,14,205,5405,15209,8129,7080,45,41,0.26,8,22,-0.92,2.81,114.82,460.23,1398,9.19,10499,69.03,3312,21.78
" "," 07新港鄉",66.0495,23,380,10612,32990,17464,15526,88,90,-0.06,8,34,-0.79,3.11,112.48,499.47,4166,12.63,22680,68.75,6144,18.62
" "," 08六腳鄉",62.2619,25,328,8996,24334,12939,11395,68,82,-0.57,8,36,-1.15,2.70,113.55,390.83,2005,8.24,16511,67.85,5818,23.91
" "," 09東石鄉",81.5821,23,357,9394,25851,13716,12135,61,92,-1.20,12,31,-0.73,2.75,113.03,316.87,2489,9.63,17889,69.20,5473,21.17
" "," 10義竹鄉",79.2925,22,311,7530,19367,10076,9291,35,44,-0.46,7,22,-0.77,2.57,108.45,244.25,1585,8.18,13328,68.82,4454,23.00
" "," 11鹿草鄉",54.3151,15,255,5803,16196,8695,7501,28,66,-2.34,3,19,-0.99,2.79,115.92,298.19,1382,8.53,11075,68.38,3739,23.09
" "," 12水上鄉",69.1198,26,409,17882,50541,26120,24421,179,182,-0.06,17,40,-0.46,2.83,106.96,731.21,4887,9.67,38191,75.56,7463,14.77
" "," 13中埔鄉",129.5016,22,375,15967,45844,23882,21962,138,175,-0.81,34,39,-0.11,2.87,108.74,354.00,4766,10.40,34441,75.13,6637,14.48
" "," 14竹崎鄉",162.2256,24,407,11662,36735,19620,17115,104,81,0.63,17,30,-0.35,3.15,114.64,226.44,3818,10.39,26682,72.63,6235,16.97
" "," 15梅山鄉",119.7571,18,200,6761,20138,10692,9446,25,46,-1.04,12,19,-0.35,2.98,113.19,168.16,1986,9.86,14092,69.98,4060,20.16
" "," 16番路鄉",117.5269,11,115,4323,11942,6458,5484,29,39,-0.84,3,7,-0.33,2.76,117.76,101.61,1213,10.16,8669,72.59,2060,17.25
" "," 17大埔鄉",173.2472,5,49,1947,4608,2401,2207,19,23,-0.87,3,5,-0.43,2.37,108.79,26.60,558,12.11,3448,74.83,602,13.06
" "," 18阿里山鄉",427.8471,12,78,1957,5725,3032,2693,15,22,-1.22,3,7,-0.70,2.93,112.59,13.38,816,14.25,4165,72.75,744,13.00
"2015M07"
" "," 嘉義縣",1903.6367,357,5347,181710,521186,271480,249706,1571,1737,-0.32,219,458,-0.46,2.87,108.72,273.78,57341,11.00,375035,71.96,88810,17.04
" "," 01太保市",66.8964,18,250,12270,37057,19069,17988,145,126,0.51,26,24,0.05,3.02,106.01,553.95,5348,14.43,27259,73.56,4450,12.01
" "," 02朴子市",49.5737,27,414,15464,43089,21828,21261,117,189,-1.67,20,34,-0.32,2.79,102.67,869.19,6264,14.54,29794,69.15,7031,16.32
" "," 03布袋鎮",61.7307,23,375,10060,28052,14344,13708,47,51,-0.14,9,32,-0.82,2.79,104.64,454.43,2615,9.32,20288,72.32,5149,18.36
" "," 04大林鎮",64.1663,21,317,11389,31877,16324,15553,69,101,-1.00,20,28,-0.25,2.80,104.96,496.79,3483,10.93,22357,70.14,6037,18.94
" "," 05民雄鄉",85.4969,28,522,24252,71880,36814,35066,233,230,0.04,24,51,-0.38,2.96,104.98,840.73,8741,12.16,53692,74.70,9447,13.14
" "," 06溪口鄉",33.0463,14,205,5404,15175,8113,7062,46,72,-1.71,5,13,-0.53,2.81,114.88,459.20,1383,9.11,10482,69.07,3310,21.81
" "," 07新港鄉",66.0495,23,380,10619,32951,17425,15526,84,99,-0.46,9,33,-0.73,3.10,112.23,498.88,4131,12.54,22683,68.84,6137,18.62
" "," 08六腳鄉",62.2619,25,328,8995,24300,12922,11378,57,61,-0.16,7,37,-1.23,2.70,113.57,390.29,2003,8.24,16496,67.88,5801,23.87
" "," 09東石鄉",81.5821,23,357,9382,25843,13706,12137,72,67,0.19,9,22,-0.50,2.75,112.93,316.77,2484,9.61,17886,69.21,5473,21.18
" "," 10義竹鄉",79.2925,22,311,7527,19337,10067,9270,35,46,-0.57,9,28,-0.98,2.57,108.60,243.87,1574,8.14,13320,68.88,4443,22.98
" "," 11鹿草鄉",54.3151,15,255,5809,16179,8686,7493,49,50,-0.06,7,23,-0.99,2.79,115.92,297.87,1378,8.52,11075,68.45,3726,23.03
" "," 12水上鄉",69.1198,26,409,17896,50541,26127,24414,233,214,0.38,20,39,-0.38,2.82,107.02,731.21,4844,9.58,38229,75.64,7468,14.78
" "," 13中埔鄉",129.5016,22,375,15975,45837,23862,21975,182,164,0.39,12,37,-0.55,2.87,108.59,353.95,4750,10.36,34452,75.16,6635,14.48
" "," 14竹崎鄉",162.2256,24,407,11676,36700,19616,17084,89,120,-0.84,19,23,-0.11,3.14,114.82,226.23,3793,10.34,26668,72.66,6239,17.00
" "," 15梅山鄉",119.7571,18,200,6767,20122,10689,9433,46,60,-0.70,15,17,-0.10,2.97,113.32,168.02,1979,9.84,14087,70.01,4056,20.16
" "," 16番路鄉",117.5269,11,115,4326,11936,6460,5476,33,39,-0.50,5,5,-,2.76,117.97,101.56,1207,10.11,8666,72.60,2063,17.28
" "," 17大埔鄉",173.2472,5,49,1944,4601,2403,2198,23,27,-0.87,1,4,-0.65,2.37,109.33,26.56,557,12.11,3441,74.79,603,13.11
" "," 18阿里山鄉",427.8471,12,78,1955,5709,3025,2684,11,21,-1.75,2,8,-1.05,2.92,112.70,13.34,807,14.14,4160,72.87,742,13.00
"2015M08"
" "," 嘉義縣",1903.6367,357,5347,181835,520910,271271,249639,1417,1511,-0.18,247,429,-0.35,2.86,108.67,273.64,56995,10.94,374983,71.99,88932,17.07
" "," 01太保市",66.8964,18,250,12306,37114,19097,18017,156,109,1.27,25,15,0.27,3.02,105.99,554.80,5358,14.44,27293,73.54,4463,12.03
" "," 02朴子市",49.5737,27,414,15496,43026,21793,21233,125,175,-1.16,21,34,-0.30,2.78,102.64,867.92,6210,14.43,29781,69.22,7035,16.35
" "," 03布袋鎮",61.7307,23,375,10060,28036,14327,13709,66,74,-0.29,15,23,-0.29,2.79,104.51,454.17,2601,9.28,20270,72.30,5165,18.42
" "," 04大林鎮",64.1663,21,317,11390,31831,16290,15541,52,80,-0.88,14,32,-0.57,2.79,104.82,496.07,3460,10.87,22323,70.13,6048,19.00
" "," 05民雄鄉",85.4969,28,522,24294,71930,36838,35092,249,178,0.99,36,57,-0.29,2.96,104.98,841.32,8700,12.10,53757,74.74,9473,13.17
" "," 06溪口鄉",33.0463,14,205,5400,15170,8111,7059,38,35,0.20,6,14,-0.53,2.81,114.90,459.05,1374,9.06,10486,69.12,3310,21.82
" "," 07新港鄉",66.0495,23,380,10620,32917,17400,15517,58,85,-0.82,19,26,-0.21,3.10,112.14,498.37,4112,12.49,22660,68.84,6145,18.67
" "," 08六腳鄉",62.2619,25,328,8987,24264,12897,11367,41,54,-0.54,7,30,-0.95,2.70,113.46,389.71,1982,8.17,16485,67.94,5797,23.89
" "," 09東石鄉",81.5821,23,357,9386,25827,13691,12136,65,66,-0.04,15,30,-0.58,2.75,112.81,316.58,2464,9.54,17892,69.28,5471,21.18
" "," 10義竹鄉",79.2925,22,311,7522,19313,10063,9250,43,49,-0.31,4,22,-0.93,2.57,108.79,243.57,1560,8.08,13311,68.92,4442,23.00
" "," 11鹿草鄉",54.3151,15,255,5806,16166,8681,7485,28,36,-0.49,5,10,-0.31,2.78,115.98,297.63,1356,8.39,11076,68.51,3734,23.10
" "," 12水上鄉",69.1198,26,409,17904,50495,26093,24402,157,186,-0.57,24,41,-0.34,2.82,106.93,730.54,4781,9.47,38242,75.73,7472,14.80
" "," 13中埔鄉",129.5016,22,375,15988,45828,23853,21975,139,135,0.09,19,32,-0.28,2.87,108.55,353.88,4738,10.34,34433,75.14,6657,14.53
" "," 14竹崎鄉",162.2256,24,407,11685,36667,19591,17076,94,113,-0.52,15,29,-0.38,3.14,114.73,226.02,3771,10.28,26647,72.67,6249,17.04
" "," 15梅山鄉",119.7571,18,200,6765,20081,10667,9414,39,71,-1.59,5,14,-0.45,2.97,113.31,167.68,1960,9.76,14065,70.04,4056,20.20
" "," 16番路鄉",117.5269,11,115,4327,11931,6454,5477,35,39,-0.34,7,8,-0.08,2.76,117.84,101.52,1203,10.08,8662,72.60,2066,17.32
" "," 17大埔鄉",173.2472,5,49,1942,4602,2402,2200,14,13,0.22,4,4,-,2.37,109.18,26.56,557,12.10,3441,74.77,604,13.12
" "," 18阿里山鄉",427.8471,12,78,1957,5712,3023,2689,18,13,0.88,6,8,-0.35,2.92,112.42,13.35,808,14.15,4159,72.81,745,13.04
"2015M09"
" "," 嘉義縣",1903.6367,357,5347,181995,520670,271135,249535,1317,1374,-0.11,249,432,-0.35,2.86,108.66,273.51,56658,10.88,374835,71.99,89177,17.13
" "," 01太保市",66.8964,18,250,12348,37133,19108,18025,143,112,0.84,14,26,-0.32,3.01,106.01,555.08,5331,14.36,27331,73.60,4471,12.04
" "," 02朴子市",49.5737,27,414,15538,43022,21804,21218,147,134,0.30,17,34,-0.40,2.77,102.76,867.84,6166,14.33,29801,69.27,7055,16.40
" "," 03布袋鎮",61.7307,23,375,10057,28008,14319,13689,70,70,-,7,35,-1.00,2.78,104.60,453.71,2586,9.23,20261,72.34,5161,18.43
" "," 04大林鎮",64.1663,21,317,11391,31768,16268,15500,53,99,-1.45,12,29,-0.53,2.79,104.95,495.09,3428,10.79,22281,70.14,6059,19.07
" "," 05民雄鄉",85.4969,28,522,24343,71944,36830,35114,200,173,0.38,32,45,-0.18,2.96,104.89,841.48,8622,11.98,53801,74.78,9521,13.23
" "," 06溪口鄉",33.0463,14,205,5392,15164,8108,7056,28,31,-0.20,10,13,-0.20,2.81,114.91,458.87,1374,9.06,10477,69.09,3313,21.85
" "," 07新港鄉",66.0495,23,380,10623,32890,17374,15516,75,89,-0.43,12,25,-0.40,3.10,111.97,497.96,4074,12.39,22656,68.88,6160,18.73
" "," 08六腳鄉",62.2619,25,328,8991,24261,12896,11365,62,46,0.66,13,32,-0.78,2.70,113.47,389.66,1989,8.20,16457,67.83,5815,23.97
" "," 09東石鄉",81.5821,23,357,9381,25813,13685,12128,54,56,-0.08,12,24,-0.46,2.75,112.84,316.41,2462,9.54,17858,69.18,5493,21.28
" "," 10義竹鄉",79.2925,22,311,7509,19281,10038,9243,23,37,-0.73,12,30,-0.93,2.57,108.60,243.16,1545,8.01,13301,68.98,4435,23.00
" "," 11鹿草鄉",54.3151,15,255,5799,16141,8678,7463,37,47,-0.62,6,21,-0.93,2.78,116.28,297.17,1339,8.30,11063,68.54,3739,23.16
" "," 12水上鄉",69.1198,26,409,17934,50512,26095,24417,169,150,0.38,36,38,-0.04,2.82,106.87,730.79,4793,9.49,38220,75.67,7499,14.85
" "," 13中埔鄉",129.5016,22,375,15992,45812,23838,21974,123,139,-0.35,21,21,-,2.86,108.48,353.76,4703,10.27,34416,75.12,6693,14.61
" "," 14竹崎鄉",162.2256,24,407,11701,36639,19575,17064,67,90,-0.63,25,30,-0.14,3.13,114.72,225.85,3746,10.22,26622,72.66,6271,17.12
" "," 15梅山鄉",119.7571,18,200,6766,20055,10653,9402,28,47,-0.95,8,15,-0.35,2.96,113.31,167.46,1950,9.72,14041,70.01,4064,20.26
" "," 16番路鄉",117.5269,11,115,4326,11919,6448,5471,23,30,-0.59,3,8,-0.42,2.76,117.86,101.42,1191,9.99,8658,72.64,2070,17.37
" "," 17大埔鄉",173.2472,5,49,1944,4599,2399,2200,5,12,-1.52,7,3,0.87,2.37,109.05,26.55,558,12.13,3428,74.54,613,13.33
" "," 18阿里山鄉",427.8471,12,78,1960,5709,3019,2690,10,12,-0.35,2,3,-0.18,2.91,112.23,13.34,801,14.03,4163,72.92,745,13.05
"2015M10"
" "," 嘉義縣",1903.6367,357,5347,181976,520424,271006,249418,1154,1262,-0.21,293,431,-0.27,2.86,108.66,273.38,56385,10.83,374629,71.99,89410,17.18
" "," 01太保市",66.8964,18,250,12369,37166,19134,18032,120,97,0.62,29,19,0.27,3.00,106.11,555.58,5311,14.29,27369,73.64,4486,12.07
" "," 02朴子市",49.5737,27,414,15536,42979,21782,21197,93,121,-0.65,27,42,-0.35,2.77,102.76,866.97,6105,14.20,29825,69.39,7049,16.40
" "," 03布袋鎮",61.7307,23,375,10050,27983,14308,13675,41,47,-0.21,12,31,-0.68,2.78,104.63,453.31,2569,9.18,20247,72.35,5167,18.46
" "," 04大林鎮",64.1663,21,317,11383,31737,16260,15477,56,79,-0.72,15,23,-0.25,2.79,105.06,494.61,3394,10.69,22265,70.15,6078,19.15
" "," 05民雄鄉",85.4969,28,522,24348,71948,36824,35124,173,164,0.13,42,47,-0.07,2.96,104.84,841.53,8590,11.94,53810,74.79,9548,13.27
" "," 06溪口鄉",33.0463,14,205,5392,15146,8097,7049,34,36,-0.13,5,21,-1.06,2.81,114.87,458.33,1364,9.01,10460,69.06,3322,21.93
" "," 07新港鄉",66.0495,23,380,10631,32871,17369,15502,78,86,-0.24,13,24,-0.33,3.09,112.04,497.67,4041,12.29,22658,68.93,6172,18.78
" "," 08六腳鄉",62.2619,25,328,8996,24237,12881,11356,45,58,-0.54,12,23,-0.45,2.69,113.43,389.28,1982,8.18,16430,67.79,5825,24.03
" "," 09東石鄉",81.5821,23,357,9376,25796,13673,12123,57,53,0.16,15,36,-0.81,2.75,112.79,316.20,2460,9.54,17835,69.14,5501,21.32
" "," 10義竹鄉",79.2925,22,311,7508,19277,10025,9252,31,25,0.31,9,19,-0.52,2.57,108.36,243.11,1533,7.95,13303,69.01,4441,23.04
" "," 11鹿草鄉",54.3151,15,255,5793,16127,8672,7455,25,34,-0.56,6,11,-0.31,2.78,116.32,296.92,1331,8.25,11045,68.49,3751,23.26
" "," 12水上鄉",69.1198,26,409,17929,50504,26077,24427,153,138,0.30,21,44,-0.46,2.82,106.75,730.67,4788,9.48,38175,75.59,7541,14.93
" "," 13中埔鄉",129.5016,22,375,15972,45776,23815,21961,101,139,-0.83,33,31,0.04,2.87,108.44,353.48,4690,10.25,34367,75.08,6719,14.68
" "," 14竹崎鄉",162.2256,24,407,11694,36612,19563,17049,60,82,-0.60,22,27,-0.14,3.13,114.75,225.69,3721,10.16,26592,72.63,6299,17.20
" "," 15梅山鄉",119.7571,18,200,6768,20046,10659,9387,44,49,-0.25,10,14,-0.20,2.96,113.55,167.39,1948,9.72,14025,69.96,4073,20.32
" "," 16番路鄉",117.5269,11,115,4320,11900,6443,5457,26,39,-1.09,7,13,-0.50,2.75,118.07,101.25,1192,10.02,8638,72.59,2070,17.40
" "," 17大埔鄉",173.2472,5,49,1947,4608,2404,2204,12,5,1.52,6,4,0.43,2.37,109.07,26.60,565,12.26,3426,74.35,617,13.39
" "," 18阿里山鄉",427.8471,12,78,1964,5711,3020,2691,5,10,-0.88,9,2,1.23,2.91,112.23,13.35,801,14.03,4159,72.82,751,13.15
"2015M11"
" "," 嘉義縣",1903.6367,357,5347,182003,520119,270804,249315,1008,1199,-0.37,287,401,-0.22,2.86,108.62,273.22,56079,10.78,374420,71.99,89620,17.23
" "," 01太保市",66.8964,18,250,12384,37202,19139,18063,121,81,1.08,19,23,-0.11,3.00,105.96,556.11,5306,14.26,27394,73.64,4502,12.10
" "," 02朴子市",49.5737,27,414,15552,42972,21792,21180,99,104,-0.12,33,35,-0.05,2.76,102.89,866.83,6071,14.13,29843,69.45,7058,16.42
" "," 03布袋鎮",61.7307,23,375,10046,27974,14305,13669,47,44,0.11,11,23,-0.43,2.78,104.65,453.16,2563,9.16,20231,72.32,5180,18.52
" "," 04大林鎮",64.1663,21,317,11380,31713,16242,15471,51,75,-0.76,21,21,-,2.79,104.98,494.23,3374,10.64,22263,70.20,6076,19.16
" "," 05民雄鄉",85.4969,28,522,24382,71914,36818,35096,139,164,-0.35,32,41,-0.13,2.95,104.91,841.13,8538,11.87,53788,74.79,9588,13.33
" "," 06溪口鄉",33.0463,14,205,5386,15104,8075,7029,15,44,-1.92,2,15,-0.86,2.80,114.88,457.06,1345,8.90,10435,69.09,3324,22.01
" "," 07新港鄉",66.0495,23,380,10635,32831,17337,15494,39,72,-1.00,18,25,-0.21,3.09,111.89,497.07,4007,12.20,22648,68.98,6176,18.81
" "," 08六腳鄉",62.2619,25,328,8985,24198,12866,11332,34,56,-0.91,9,26,-0.70,2.69,113.54,388.65,1969,8.14,16387,67.72,5842,24.14
" "," 09東石鄉",81.5821,23,357,9372,25783,13664,12119,43,52,-0.35,13,17,-0.16,2.75,112.75,316.04,2439,9.46,17825,69.13,5519,21.41
" "," 10義竹鄉",79.2925,22,311,7505,19267,10021,9246,29,26,0.16,6,19,-0.67,2.57,108.38,242.99,1522,7.90,13300,69.03,4445,23.07
" "," 11鹿草鄉",54.3151,15,255,5795,16129,8672,7457,36,29,0.43,6,11,-0.31,2.78,116.29,296.95,1322,8.20,11046,68.49,3761,23.32
" "," 12水上鄉",69.1198,26,409,17929,50461,26050,24411,122,161,-0.77,34,38,-0.08,2.81,106.71,730.05,4777,9.47,38115,75.53,7569,15.00
" "," 13中埔鄉",129.5016,22,375,15965,45746,23775,21971,105,131,-0.57,28,32,-0.09,2.87,108.21,353.25,4660,10.19,34339,75.06,6747,14.75
" "," 14竹崎鄉",162.2256,24,407,11697,36572,19539,17033,37,71,-0.93,32,38,-0.16,3.13,114.71,225.44,3703,10.13,26557,72.62,6312,17.26
" "," 15梅山鄉",119.7571,18,200,6761,20033,10647,9386,30,30,-,9,22,-0.65,2.96,113.43,167.28,1944,9.70,14010,69.93,4079,20.36
" "," 16番路鄉",117.5269,11,115,4320,11880,6428,5452,26,42,-1.35,4,8,-0.34,2.75,117.90,101.08,1177,9.91,8630,72.64,2073,17.45
" "," 17大埔鄉",173.2472,5,49,1946,4620,2408,2212,19,8,2.38,4,3,0.22,2.37,108.86,26.67,563,12.19,3438,74.42,619,13.40
" "," 18阿里山鄉",427.8471,12,78,1963,5720,3026,2694,16,9,1.22,6,4,0.35,2.91,112.32,13.37,799,13.97,4171,72.92,750,13.11
"2015M12"
" "," 嘉義縣",1903.6367,357,5347,181969,519839,270681,249158,991,1148,-0.30,326,449,-0.24,2.86,108.64,273.08,55736,10.72,374260,72.00,89843,17.28
" "," 01太保市",66.8964,18,250,12381,37212,19146,18066,86,90,-0.11,31,17,0.38,3.01,105.98,556.26,5299,14.24,27382,73.58,4531,12.18
" "," 02朴子市",49.5737,27,414,15548,42956,21776,21180,106,112,-0.14,27,37,-0.23,2.76,102.81,866.51,6034,14.05,29844,69.48,7078,16.48
" "," 03布袋鎮",61.7307,23,375,10041,27954,14300,13654,44,48,-0.14,19,35,-0.57,2.78,104.73,452.84,2546,9.11,20221,72.34,5187,18.56
" "," 04大林鎮",64.1663,21,317,11378,31697,16244,15453,59,57,0.06,15,33,-0.57,2.79,105.12,493.98,3356,10.59,22260,70.23,6081,19.18
" "," 05民雄鄉",85.4969,28,522,24391,71862,36795,35067,136,180,-0.61,40,48,-0.11,2.95,104.93,840.52,8457,11.77,53768,74.82,9637,13.41
" "," 06溪口鄉",33.0463,14,205,5387,15113,8073,7040,34,20,0.93,6,11,-0.33,2.81,114.67,457.33,1343,8.89,10434,69.04,3336,22.07
" "," 07新港鄉",66.0495,23,380,10637,32797,17311,15486,53,74,-0.64,15,28,-0.40,3.08,111.78,496.55,3965,12.09,22636,69.02,6196,18.89
" "," 08六腳鄉",62.2619,25,328,8985,24202,12860,11342,51,41,0.41,15,21,-0.25,2.69,113.38,388.71,1960,8.10,16384,67.70,5858,24.20
" "," 09東石鄉",81.5821,23,357,9366,25751,13653,12098,28,45,-0.66,16,31,-0.58,2.75,112.85,315.65,2430,9.44,17786,69.07,5535,21.49
" "," 10義竹鄉",79.2925,22,311,7504,19258,10011,9247,23,25,-0.10,11,18,-0.36,2.57,108.26,242.87,1511,7.85,13281,68.96,4466,23.19
" "," 11鹿草鄉",54.3151,15,255,5795,16119,8666,7453,24,24,-,7,17,-0.62,2.78,116.28,296.77,1312,8.14,11038,68.48,3769,23.38
" "," 12水上鄉",69.1198,26,409,17926,50431,26054,24377,112,142,-0.59,38,38,-,2.81,106.88,729.62,4744,9.41,38106,75.56,7581,15.03
" "," 13中埔鄉",129.5016,22,375,15951,45724,23776,21948,108,122,-0.31,31,39,-0.17,2.87,108.33,353.08,4643,10.15,34324,75.07,6757,14.78
" "," 14竹崎鄉",162.2256,24,407,11693,36546,19522,17024,53,72,-0.52,25,32,-0.19,3.13,114.67,225.28,3680,10.07,26556,72.66,6310,17.27
" "," 15梅山鄉",119.7571,18,200,6763,20010,10644,9366,25,43,-0.90,11,16,-0.25,2.96,113.65,167.09,1930,9.65,13997,69.95,4083,20.40
" "," 16番路鄉",117.5269,11,115,4314,11865,6416,5449,27,37,-0.84,8,13,-0.42,2.75,117.75,100.96,1164,9.81,8633,72.76,2068,17.43
" "," 17大埔鄉",173.2472,5,49,1942,4621,2408,2213,10,8,0.43,4,5,-0.22,2.38,108.81,26.67,560,12.12,3442,74.49,619,13.40
" "," 18阿里山鄉",427.8471,12,78,1967,5721,3026,2695,12,8,0.70,7,10,-0.52,2.91,112.28,13.37,802,14.02,4168,72.85,751,13.13
"2016M01"
" "," 嘉義縣",1903.6367,357,5347,181964,519482,270465,249017,1179,1303,-0.24,238,471,-0.45,2.85,108.61,272.89,55444,10.67,373859,71.97,90179,17.36
" "," 01太保市",66.8964,18,250,12390,37218,19138,18080,124,104,0.54,11,25,-0.38,3.00,105.85,556.35,5259,14.13,27397,73.61,4562,12.26
" "," 02朴子市",49.5737,27,414,15544,42928,21763,21165,102,120,-0.42,30,40,-0.23,2.76,102.83,865.94,6015,14.01,29800,69.42,7113,16.57
" "," 03布袋鎮",61.7307,23,375,10035,27930,14279,13651,48,59,-0.39,15,28,-0.47,2.78,104.60,452.45,2536,9.08,20182,72.26,5212,18.66
" "," 04大林鎮",64.1663,21,317,11382,31658,16221,15437,66,90,-0.76,12,27,-0.47,2.78,105.08,493.37,3322,10.49,22219,70.18,6117,19.32
" "," 05民雄鄉",85.4969,28,522,24417,71884,36809,35075,216,181,0.49,31,44,-0.18,2.94,104.94,840.78,8436,11.74,53775,74.81,9673,13.46
" "," 06溪口鄉",33.0463,14,205,5382,15092,8068,7024,36,49,-0.86,6,14,-0.53,2.80,114.86,456.69,1343,8.90,10405,68.94,3344,22.16
" "," 07新港鄉",66.0495,23,380,10634,32780,17299,15481,63,70,-0.21,19,29,-0.30,3.08,111.74,496.29,3940,12.02,22631,69.04,6209,18.94
" "," 08六腳鄉",62.2619,25,328,8971,24161,12842,11319,43,56,-0.54,11,39,-1.16,2.69,113.46,388.05,1944,8.05,16343,67.64,5874,24.31
" "," 09東石鄉",81.5821,23,357,9361,25716,13634,12082,42,51,-0.35,7,33,-1.01,2.75,112.85,315.22,2420,9.41,17750,69.02,5546,21.57
" "," 10義竹鄉",79.2925,22,311,7505,19225,9996,9229,32,35,-0.16,5,35,-1.56,2.56,108.31,242.46,1500,7.80,13264,68.99,4461,23.20
" "," 11鹿草鄉",54.3151,15,255,5791,16106,8651,7455,29,35,-0.37,8,15,-0.43,2.78,116.04,296.53,1314,8.16,11008,68.35,3784,23.49
" "," 12水上鄉",69.1198,26,409,17910,50392,26039,24353,143,164,-0.42,25,43,-0.36,2.81,106.92,729.05,4712,9.35,38060,75.53,7620,15.12
" "," 13中埔鄉",129.5016,22,375,15958,45698,23750,21948,116,123,-0.15,15,34,-0.42,2.86,108.21,352.88,4608,10.08,34309,75.08,6781,14.84
" "," 14竹崎鄉",162.2256,24,407,11701,36522,19511,17011,45,66,-0.57,24,27,-0.08,3.12,114.70,225.13,3669,10.05,26510,72.59,6343,17.37
" "," 15梅山鄉",119.7571,18,200,6765,19992,10627,9365,34,41,-0.35,7,18,-0.55,2.96,113.48,166.94,1913,9.57,13982,69.94,4097,20.49
" "," 16番路鄉",117.5269,11,115,4313,11851,6412,5439,17,26,-0.76,5,10,-0.42,2.75,117.89,100.84,1159,9.78,8619,72.73,2073,17.49
" "," 17大埔鄉",173.2472,5,49,1939,4619,2407,2212,11,16,-1.08,3,-,0.65,2.38,108.82,26.66,554,11.99,3444,74.56,621,13.44
" "," 18阿里山鄉",427.8471,12,78,1966,5710,3019,2691,12,17,-0.87,4,10,-1.05,2.90,112.19,13.35,800,14.01,4161,72.87,749,13.12
"2016M02"
" "," 嘉義縣",1903.6367,357,5349,181964,519045,270248,248797,1112,1274,-0.31,237,512,-0.53,2.85,108.62,272.66,55179,10.63,373511,71.96,90355,17.41
" "," 01太保市",66.8964,18,250,12403,37223,19135,18088,127,111,0.43,14,25,-0.30,3.00,105.79,556.43,5243,14.09,27405,73.62,4575,12.29
" "," 02朴子市",49.5737,27,416,15559,42918,21750,21168,133,108,0.58,15,50,-0.82,2.76,102.75,865.74,6016,14.02,29773,69.37,7129,16.61
" "," 03布袋鎮",61.7307,23,375,10019,27864,14239,13625,26,63,-1.33,9,38,-1.04,2.78,104.51,451.38,2503,8.98,20149,72.31,5212,18.71
" "," 04大林鎮",64.1663,21,317,11371,31638,16203,15435,48,44,0.13,10,34,-0.76,2.78,104.98,493.06,3309,10.46,22200,70.17,6129,19.37
" "," 05民雄鄉",85.4969,28,522,24444,71890,36830,35060,196,176,0.28,40,54,-0.19,2.94,105.05,840.85,8423,11.72,53772,74.80,9695,13.49
" "," 06溪口鄉",33.0463,14,205,5384,15083,8067,7016,39,44,-0.33,10,14,-0.27,2.80,114.98,456.42,1339,8.88,10389,68.88,3355,22.24
" "," 07新港鄉",66.0495,23,380,10633,32746,17287,15459,60,81,-0.64,15,28,-0.40,3.08,111.82,495.78,3914,11.95,22618,69.07,6214,18.98
" "," 08六腳鄉",62.2619,25,328,8969,24137,12820,11317,36,47,-0.46,14,27,-0.54,2.69,113.28,387.67,1937,8.02,16321,67.62,5879,24.36
" "," 09東石鄉",81.5821,23,357,9356,25669,13612,12057,33,60,-1.05,9,29,-0.78,2.74,112.90,314.64,2393,9.32,17718,69.02,5558,21.65
" "," 10義竹鄉",79.2925,22,311,7499,19195,9980,9215,27,37,-0.52,7,27,-1.04,2.56,108.30,242.08,1493,7.78,13235,68.95,4467,23.27
" "," 11鹿草鄉",54.3151,15,255,5781,16062,8626,7436,22,48,-1.62,6,24,-1.12,2.78,116.00,295.72,1304,8.12,10974,68.32,3784,23.56
" "," 12水上鄉",69.1198,26,409,17922,50322,26000,24322,128,171,-0.85,19,46,-0.54,2.81,106.90,728.04,4665,9.27,38016,75.55,7641,15.18
" "," 13中埔鄉",129.5016,22,375,15952,45701,23764,21937,113,109,0.09,38,39,-0.02,2.86,108.33,352.90,4606,10.08,34297,75.05,6798,14.87
" "," 14竹崎鄉",162.2256,24,407,11701,36482,19491,16991,55,77,-0.60,15,33,-0.49,3.12,114.71,224.88,3648,10.00,26467,72.55,6367,17.45
" "," 15梅山鄉",119.7571,18,200,6767,19969,10620,9349,26,37,-0.55,8,20,-0.60,2.95,113.60,166.75,1898,9.50,13969,69.95,4102,20.54
" "," 16番路鄉",117.5269,11,115,4303,11838,6404,5434,27,35,-0.68,3,8,-0.42,2.75,117.85,100.73,1151,9.72,8608,72.72,2079,17.56
" "," 17大埔鄉",173.2472,5,49,1939,4610,2406,2204,8,15,-1.52,3,5,-0.43,2.38,109.17,26.61,542,11.76,3449,74.82,619,13.43
" "," 18阿里山鄉",427.8471,12,78,1962,5698,3014,2684,8,11,-0.53,2,11,-1.58,2.90,112.30,13.32,795,13.95,4151,72.85,752,13.20
"2016M03"
" "," 嘉義縣",1903.6367,357,5360,181964,518507,269986,248521,1424,1638,-0.41,270,594,-0.62,2.85,108.64,272.38,54880,10.58,373095,71.96,90532,17.46
" "," 01太保市",66.8964,18,254,12409,37243,19148,18095,152,128,0.64,26,30,-0.11,3.00,105.82,556.73,5226,14.03,27430,73.65,4587,12.32
" "," 02朴子市",49.5737,27,423,15555,42907,21738,21169,147,117,0.70,18,59,-0.96,2.76,102.69,865.52,6028,14.05,29759,69.36,7120,16.59
" "," 03布袋鎮",61.7307,23,375,10006,27819,14217,13602,65,88,-0.83,10,32,-0.79,2.78,104.52,450.65,2477,8.90,20129,72.36,5213,18.74
" "," 04大林鎮",64.1663,21,317,11375,31610,16198,15412,66,73,-0.22,16,37,-0.66,2.78,105.10,492.63,3296,10.43,22160,70.10,6154,19.47
" "," 05民雄鄉",85.4969,28,522,24465,71926,36839,35087,273,208,0.90,40,69,-0.40,2.94,104.99,841.27,8422,11.71,53786,74.78,9718,13.51
" "," 06溪口鄉",33.0463,14,205,5383,15057,8057,7000,30,44,-0.93,7,19,-0.80,2.80,115.10,455.63,1324,8.79,10366,68.85,3367,22.36
" "," 07新港鄉",66.0495,23,380,10637,32698,17254,15444,76,101,-0.76,17,40,-0.70,3.07,111.72,495.05,3895,11.91,22579,69.05,6224,19.03
" "," 08六腳鄉",62.2619,25,328,8963,24096,12801,11295,51,67,-0.66,8,33,-1.04,2.69,113.33,387.01,1913,7.94,16297,67.63,5886,24.43
" "," 09東石鄉",81.5821,23,357,9352,25608,13594,12014,45,91,-1.79,19,34,-0.58,2.74,113.15,313.89,2378,9.29,17680,69.04,5550,21.67
" "," 10義竹鄉",79.2925,22,311,7495,19142,9959,9183,37,61,-1.25,6,35,-1.51,2.55,108.45,241.41,1457,7.61,13232,69.13,4453,23.26
" "," 11鹿草鄉",54.3151,15,255,5777,16010,8594,7416,25,59,-2.12,6,24,-1.12,2.77,115.88,294.76,1286,8.03,10937,68.31,3787,23.65
" "," 12水上鄉",69.1198,26,409,17938,50298,25984,24314,174,174,-,23,47,-0.48,2.80,106.87,727.69,4627,9.20,38009,75.57,7662,15.23
" "," 13中埔鄉",129.5016,22,375,15949,45596,23726,21870,110,191,-1.77,24,48,-0.53,2.86,108.49,352.09,4560,10.00,34225,75.06,6811,14.94
" "," 14竹崎鄉",162.2256,24,407,11699,36439,19469,16970,56,86,-0.82,21,34,-0.36,3.11,114.73,224.62,3642,9.99,26388,72.42,6409,17.59
" "," 15梅山鄉",119.7571,18,200,6762,19943,10605,9338,50,60,-0.50,13,29,-0.80,2.95,113.57,166.53,1895,9.50,13936,69.88,4112,20.62
" "," 16番路鄉",117.5269,11,115,4297,11806,6387,5419,35,57,-1.86,5,15,-0.85,2.75,117.86,100.45,1131,9.58,8585,72.72,2090,17.70
" "," 17大埔鄉",173.2472,5,49,1938,4610,2404,2206,19,18,0.22,5,6,-0.22,2.38,108.98,26.61,534,11.58,3449,74.82,627,13.60
" "," 18阿里山鄉",427.8471,12,78,1964,5699,3012,2687,13,15,-0.35,6,3,0.53,2.90,112.10,13.32,789,13.84,4148,72.78,762,13.37
"2016M04"
" "," 嘉義縣",1903.6367,357,5360,181977,518026,269686,248340,1240,1473,-0.45,221,469,-0.48,2.85,108.60,272.12,54602,10.54,372772,71.96,90652,17.50
" "," 01太保市",66.8964,18,254,12435,37269,19158,18111,131,108,0.62,20,17,0.08,3.00,105.78,557.12,5220,14.01,27458,73.68,4591,12.32
" "," 02朴子市",49.5737,27,423,15570,42870,21731,21139,113,120,-0.16,18,48,-0.70,2.75,102.80,864.77,6019,14.04,29743,69.38,7108,16.58
" "," 03布袋鎮",61.7307,23,375,10000,27769,14196,13573,60,93,-1.19,7,24,-0.61,2.78,104.59,449.84,2443,8.80,20105,72.40,5221,18.80
" "," 04大林鎮",64.1663,21,317,11371,31596,16187,15409,59,55,0.13,12,30,-0.57,2.78,105.05,492.41,3291,10.42,22157,70.13,6148,19.46
" "," 05民雄鄉",85.4969,28,522,24482,71918,36831,35087,182,182,-,39,47,-0.11,2.94,104.97,841.18,8401,11.68,53774,74.77,9743,13.55
" "," 06溪口鄉",33.0463,14,205,5379,15026,8033,6993,39,53,-0.93,9,26,-1.13,2.79,114.87,454.70,1303,8.67,10372,69.03,3351,22.30
" "," 07新港鄉",66.0495,23,380,10634,32667,17228,15439,77,85,-0.24,12,35,-0.70,3.07,111.59,494.58,3887,11.90,22543,69.01,6237,19.09
" "," 08六腳鄉",62.2619,25,328,8961,24063,12790,11273,59,69,-0.42,5,28,-0.96,2.69,113.46,386.48,1887,7.84,16279,67.65,5897,24.51
" "," 09東石鄉",81.5821,23,357,9339,25567,13571,11996,52,72,-0.78,8,29,-0.82,2.74,113.13,313.39,2358,9.22,17661,69.08,5548,21.70
" "," 10義竹鄉",79.2925,22,311,7489,19095,9928,9167,32,66,-1.78,8,21,-0.68,2.55,108.30,240.82,1449,7.59,13193,69.09,4453,23.32
" "," 11鹿草鄉",54.3151,15,255,5780,15978,8578,7400,27,46,-1.19,4,17,-0.81,2.76,115.92,294.17,1269,7.94,10917,68.33,3792,23.73
" "," 12水上鄉",69.1198,26,409,17928,50228,25926,24302,142,191,-0.97,21,42,-0.42,2.80,106.68,726.68,4589,9.14,37951,75.56,7688,15.31
" "," 13中埔鄉",129.5016,22,375,15952,45544,23689,21855,123,155,-0.70,21,41,-0.44,2.86,108.39,351.69,4530,9.95,34189,75.07,6825,14.99
" "," 14竹崎鄉",162.2256,24,407,11703,36432,19469,16963,59,64,-0.14,24,26,-0.05,3.11,114.77,224.58,3650,10.02,26344,72.31,6438,17.67
" "," 15梅山鄉",119.7571,18,200,6769,19922,10596,9326,26,38,-0.60,5,14,-0.45,2.94,113.62,166.35,1875,9.41,13926,69.90,4121,20.69
" "," 16番路鄉",117.5269,11,115,4292,11802,6379,5423,41,34,0.59,1,12,-0.93,2.75,117.63,100.42,1128,9.56,8576,72.67,2098,17.78
" "," 17大埔鄉",173.2472,5,49,1934,4596,2394,2202,9,23,-3.04,5,5,-,2.38,108.72,26.53,523,11.38,3442,74.89,631,13.73
" "," 18阿里山鄉",427.8471,12,78,1959,5684,3002,2682,9,19,-1.76,2,7,-0.88,2.90,111.93,13.29,780,13.72,4142,72.87,762,13.41
"2016M05"
" "," 嘉義縣",1903.6367,357,5360,182077,517698,269461,248237,1353,1391,-0.07,220,510,-0.56,2.84,108.55,271.95,54383,10.50,372586,71.97,90729,17.53
" "," 01太保市",66.8964,18,254,12479,37325,19176,18149,166,103,1.69,20,27,-0.19,2.99,105.66,557.95,5219,13.98,27505,73.69,4601,12.33
" "," 02朴子市",49.5737,27,423,15566,42869,21731,21138,141,127,0.33,19,34,-0.35,2.75,102.81,864.75,5995,13.98,29748,69.39,7126,16.62
" "," 03布袋鎮",61.7307,23,375,9998,27702,14162,13540,54,102,-1.73,17,36,-0.68,2.77,104.59,448.76,2425,8.75,20067,72.44,5210,18.81
" "," 04大林鎮",64.1663,21,317,11382,31584,16170,15414,83,78,0.16,10,27,-0.54,2.77,104.90,492.22,3275,10.37,22146,70.12,6163,19.51
" "," 05民雄鄉",85.4969,28,522,24511,71906,36817,35089,193,190,0.04,36,51,-0.21,2.93,104.92,841.04,8367,11.64,53783,74.80,9756,13.57
" "," 06溪口鄉",33.0463,14,205,5378,15034,8038,6996,43,30,0.86,8,13,-0.33,2.80,114.89,454.94,1309,8.71,10374,69.00,3351,22.29
" "," 07新港鄉",66.0495,23,380,10636,32636,17203,15433,68,78,-0.31,9,30,-0.64,3.07,111.47,494.11,3878,11.88,22518,69.00,6240,19.12
" "," 08六腳鄉",62.2619,25,328,8960,24013,12764,11249,62,73,-0.46,2,41,-1.62,2.68,113.47,385.68,1870,7.79,16259,67.71,5884,24.50
" "," 09東石鄉",81.5821,23,357,9339,25529,13547,11982,44,60,-0.63,8,30,-0.86,2.73,113.06,312.92,2348,9.20,17640,69.10,5541,21.70
" "," 10義竹鄉",79.2925,22,311,7489,19044,9908,9136,24,46,-1.15,2,31,-1.52,2.54,108.45,240.17,1434,7.53,13157,69.09,4453,23.38
" "," 11鹿草鄉",54.3151,15,255,5790,15974,8569,7405,31,30,0.06,10,15,-0.31,2.76,115.72,294.10,1266,7.93,10904,68.26,3804,23.81
" "," 12水上鄉",69.1198,26,409,17923,50185,25892,24293,148,165,-0.34,17,43,-0.52,2.80,106.58,726.06,4549,9.06,37939,75.60,7697,15.34
" "," 13中埔鄉",129.5016,22,375,15953,45508,23662,21846,121,138,-0.37,28,47,-0.42,2.85,108.31,351.41,4519,9.93,34151,75.04,6838,15.03
" "," 14竹崎鄉",162.2256,24,407,11719,36438,19472,16966,98,70,0.77,16,38,-0.60,3.11,114.77,224.61,3644,10.00,26349,72.31,6445,17.69
" "," 15梅山鄉",119.7571,18,200,6767,19893,10582,9311,23,38,-0.75,8,22,-0.70,2.94,113.65,166.11,1875,9.43,13896,69.85,4122,20.72
" "," 16番路鄉",117.5269,11,115,4295,11784,6372,5412,26,33,-0.59,4,15,-0.93,2.74,117.74,100.27,1115,9.46,8569,72.72,2100,17.82
" "," 17大埔鄉",173.2472,5,49,1937,4597,2396,2201,23,20,0.65,1,3,-0.44,2.37,108.86,26.53,516,11.22,3445,74.94,636,13.84
" "," 18阿里山鄉",427.8471,12,78,1955,5677,3000,2677,5,10,-0.88,5,7,-0.35,2.90,112.07,13.27,779,13.72,4136,72.86,762,13.42
"2016M06"
" "," 嘉義縣",1903.6367,357,5360,182132,517339,269265,248074,1324,1456,-0.26,224,451,-0.44,2.84,108.54,271.76,54136,10.46,372327,71.97,90876,17.57
" "," 01太保市",66.8964,18,254,12498,37323,19171,18152,130,129,0.03,17,20,-0.08,2.99,105.61,557.92,5194,13.92,27513,73.72,4616,12.37
" "," 02朴子市",49.5737,27,423,15576,42811,21690,21121,125,156,-0.72,16,43,-0.63,2.75,102.69,863.58,5944,13.88,29739,69.47,7128,16.65
" "," 03布袋鎮",61.7307,23,375,9994,27662,14144,13518,52,75,-0.83,6,23,-0.61,2.77,104.63,448.11,2414,8.73,20032,72.42,5216,18.86
" "," 04大林鎮",64.1663,21,317,11372,31572,16172,15400,74,85,-0.35,19,20,-0.03,2.78,105.01,492.03,3271,10.36,22127,70.08,6174,19.56
" "," 05民雄鄉",85.4969,28,522,24542,71907,36818,35089,204,194,0.14,35,44,-0.13,2.93,104.93,841.05,8338,11.60,53761,74.76,9808,13.64
" "," 06溪口鄉",33.0463,14,205,5373,15020,8033,6987,44,48,-0.27,9,19,-0.67,2.80,114.97,454.51,1301,8.66,10359,68.97,3360,22.37
" "," 07新港鄉",66.0495,23,380,10639,32644,17203,15441,106,91,0.46,21,28,-0.21,3.07,111.41,494.24,3889,11.91,22517,68.98,6238,19.11
" "," 08六腳鄉",62.2619,25,328,8961,23978,12760,11218,57,76,-0.79,7,23,-0.67,2.68,113.75,385.12,1862,7.77,16229,67.68,5887,24.55
" "," 09東石鄉",81.5821,23,357,9332,25498,13526,11972,52,54,-0.08,10,39,-1.14,2.73,112.98,312.54,2334,9.15,17631,69.15,5533,21.70
" "," 10義竹鄉",79.2925,22,311,7494,19030,9905,9125,36,36,-,7,21,-0.74,2.54,108.55,240.00,1434,7.54,13146,69.08,4450,23.38
" "," 11鹿草鄉",54.3151,15,255,5794,15963,8564,7399,30,34,-0.25,6,13,-0.44,2.76,115.75,293.90,1258,7.88,10896,68.26,3809,23.86
" "," 12水上鄉",69.1198,26,409,17928,50132,25858,24274,140,166,-0.52,18,45,-0.54,2.80,106.53,725.29,4516,9.01,37906,75.61,7710,15.38
" "," 13中埔鄉",129.5016,22,375,15967,45496,23646,21850,126,119,0.15,14,33,-0.42,2.85,108.22,351.32,4490,9.87,34139,75.04,6867,15.09
" "," 14竹崎鄉",162.2256,24,407,11714,36398,19447,16951,64,84,-0.55,16,36,-0.55,3.11,114.72,224.37,3636,9.99,26320,72.31,6442,17.70
" "," 15梅山鄉",119.7571,18,200,6766,19879,10576,9303,39,45,-0.30,9,17,-0.40,2.94,113.68,165.99,1868,9.40,13884,69.84,4127,20.76
" "," 16番路鄉",117.5269,11,115,4291,11758,6359,5399,24,38,-1.19,4,16,-1.02,2.74,117.78,100.05,1096,9.32,8552,72.73,2110,17.95
" "," 17大埔鄉",173.2472,5,49,1935,4599,2392,2207,11,9,0.44,5,5,-,2.38,108.38,26.55,518,11.26,3443,74.86,638,13.87
" "," 18阿里山鄉",427.8471,12,78,1956,5669,3001,2668,10,17,-1.23,5,6,-0.18,2.90,112.48,13.25,773,13.64,4133,72.91,763,13.46
"2016M07"
" "," 嘉義縣",1903.6367,357,5360,182240,517224,269149,248075,1414,1346,0.13,249,432,-0.35,2.84,108.50,271.70,54046,10.45,372180,71.96,90998,17.59
" "," 01太保市",66.8964,18,254,12526,37373,19198,18175,143,95,1.29,21,19,0.05,2.98,105.63,558.67,5207,13.93,27547,73.71,4619,12.36
" "," 02朴子市",49.5737,27,423,15599,42787,21673,21114,114,134,-0.47,20,24,-0.09,2.74,102.65,863.10,5915,13.82,29729,69.48,7143,16.69
" "," 03布袋鎮",61.7307,23,375,9980,27619,14122,13497,46,71,-0.90,10,28,-0.65,2.77,104.63,447.41,2406,8.71,19993,72.39,5220,18.90
" "," 04大林鎮",64.1663,21,317,11374,31550,16154,15396,92,93,-0.03,10,31,-0.67,2.77,104.92,491.69,3258,10.33,22119,70.11,6173,19.57
" "," 05民雄鄉",85.4969,28,522,24569,71925,36836,35089,205,186,0.26,38,39,-0.01,2.93,104.98,841.26,8306,11.55,53767,74.75,9852,13.70
" "," 06溪口鄉",33.0463,14,205,5374,15023,8025,6998,30,21,0.60,9,15,-0.40,2.80,114.68,454.60,1305,8.69,10361,68.97,3357,22.35
" "," 07新港鄉",66.0495,23,380,10657,32619,17183,15436,72,82,-0.31,10,25,-0.46,3.06,111.32,493.86,3862,11.84,22508,69.00,6249,19.16
" "," 08六腳鄉",62.2619,25,328,8962,23969,12752,11217,43,50,-0.29,13,15,-0.08,2.67,113.68,384.97,1867,7.79,16201,67.59,5901,24.62
" "," 09東石鄉",81.5821,23,357,9325,25482,13512,11970,57,57,-,11,27,-0.63,2.73,112.88,312.35,2343,9.19,17601,69.07,5538,21.73
" "," 10義竹鄉",79.2925,22,311,7489,18976,9875,9101,29,61,-1.68,10,32,-1.16,2.53,108.50,239.32,1425,7.51,13108,69.08,4443,23.41
" "," 11鹿草鄉",54.3151,15,255,5794,15936,8553,7383,32,40,-0.50,6,25,-1.19,2.75,115.85,293.40,1252,7.86,10880,68.27,3804,23.87
" "," 12水上鄉",69.1198,26,409,17940,50155,25864,24291,195,151,0.88,27,48,-0.42,2.80,106.48,725.62,4520,9.01,37913,75.59,7722,15.40
" "," 13中埔鄉",129.5016,22,375,15973,45521,23654,21867,161,117,0.97,20,39,-0.42,2.85,108.17,351.51,4501,9.89,34145,75.01,6875,15.10
" "," 14竹崎鄉",162.2256,24,407,11716,36380,19425,16955,76,80,-0.11,20,34,-0.38,3.11,114.57,224.26,3621,9.95,26309,72.32,6450,17.73
" "," 15梅山鄉",119.7571,18,200,6773,19887,10577,9310,51,40,0.55,9,12,-0.15,2.94,113.61,166.06,1868,9.39,13881,69.80,4138,20.81
" "," 16番路鄉",117.5269,11,115,4294,11749,6350,5399,36,42,-0.51,5,8,-0.26,2.74,117.61,99.97,1097,9.34,8539,72.68,2113,17.98
" "," 17大埔鄉",173.2472,5,49,1940,4602,2395,2207,20,16,0.87,3,4,-0.22,2.37,108.52,26.56,517,11.23,3448,74.92,637,13.84
" "," 18阿里山鄉",427.8471,12,78,1955,5671,3001,2670,12,10,0.35,7,7,-,2.90,112.40,13.25,776,13.68,4131,72.84,764,13.47
"2016M08"
" "," 嘉義縣",1903.6367,357,5360,182356,516915,268961,247954,1411,1486,-0.14,236,470,-0.45,2.83,108.47,271.54,53781,10.40,371957,71.96,91177,17.64
" "," 01太保市",66.8964,18,254,12567,37431,19223,18208,154,86,1.82,16,26,-0.27,2.98,105.57,559.54,5210,13.92,27591,73.71,4630,12.37
" "," 02朴子市",49.5737,27,423,15614,42738,21647,21091,123,152,-0.68,18,38,-0.47,2.74,102.64,862.11,5861,13.71,29723,69.55,7154,16.74
" "," 03布袋鎮",61.7307,23,375,9987,27597,14108,13489,52,60,-0.29,14,28,-0.51,2.76,104.59,447.05,2407,8.72,19959,72.32,5231,18.96
" "," 04大林鎮",64.1663,21,317,11374,31502,16120,15382,73,96,-0.73,12,37,-0.79,2.77,104.80,490.94,3241,10.29,22076,70.08,6185,19.63
" "," 05民雄鄉",85.4969,28,522,24596,71892,36816,35076,221,234,-0.18,37,57,-0.28,2.92,104.96,840.87,8261,11.49,53747,74.76,9884,13.75
" "," 06溪口鄉",33.0463,14,205,5370,15019,8020,6999,49,42,0.47,4,15,-0.73,2.80,114.59,454.48,1309,8.72,10353,68.93,3357,22.35
" "," 07新港鄉",66.0495,23,380,10662,32573,17158,15415,75,108,-1.01,11,24,-0.40,3.06,111.31,493.16,3815,11.71,22501,69.08,6257,19.21
" "," 08六腳鄉",62.2619,25,328,8955,23921,12725,11196,53,84,-1.29,10,27,-0.71,2.67,113.66,384.20,1850,7.73,16160,67.56,5911,24.71
" "," 09東石鄉",81.5821,23,357,9318,25453,13496,11957,57,59,-0.08,7,34,-1.06,2.73,112.87,311.99,2334,9.17,17568,69.02,5551,21.81
" "," 10義竹鄉",79.2925,22,311,7491,18922,9839,9083,20,61,-2.16,8,21,-0.69,2.53,108.32,238.64,1417,7.49,13052,68.98,4453,23.53
" "," 11鹿草鄉",54.3151,15,255,5800,15924,8548,7376,24,24,-,9,21,-0.75,2.75,115.89,293.18,1245,7.82,10872,68.27,3807,23.91
" "," 12水上鄉",69.1198,26,409,17959,50197,25899,24298,206,144,1.24,20,40,-0.40,2.80,106.59,726.23,4504,8.97,37954,75.61,7739,15.42
" "," 13中埔鄉",129.5016,22,375,15968,45499,23636,21863,126,137,-0.24,29,40,-0.24,2.85,108.11,351.34,4502,9.89,34111,74.97,6886,15.13
" "," 14竹崎鄉",162.2256,24,407,11732,36361,19414,16947,69,74,-0.14,17,31,-0.38,3.10,114.56,224.14,3596,9.89,26309,72.36,6456,17.76
" "," 15梅山鄉",119.7571,18,200,6773,19861,10570,9291,32,50,-0.91,8,16,-0.40,2.93,113.77,165.84,1841,9.27,13874,69.86,4146,20.88
" "," 16番路鄉",117.5269,11,115,4296,11756,6349,5407,48,43,0.43,9,7,0.17,2.74,117.42,100.03,1097,9.33,8546,72.69,2113,17.97
" "," 17大埔鄉",173.2472,5,49,1939,4597,2387,2210,10,15,-1.09,3,3,-,2.37,108.01,26.53,512,11.14,3441,74.85,644,14.01
" "," 18阿里山鄉",427.8471,12,78,1955,5672,3006,2666,19,17,0.35,4,5,-0.18,2.90,112.75,13.26,779,13.73,4120,72.64,773,13.63
"2016M09"
" "," 嘉義縣",1903.6367,357,5360,182500,516531,268761,247770,1180,1399,-0.42,244,409,-0.32,2.83,108.47,271.34,53499,10.36,371490,71.92,91542,17.72
" "," 01太保市",66.8964,18,254,12604,37474,19252,18222,146,89,1.52,18,32,-0.37,2.97,105.65,560.18,5197,13.87,27620,73.70,4657,12.43
" "," 02朴子市",49.5737,27,423,15624,42688,21614,21074,93,128,-0.82,20,35,-0.35,2.73,102.56,861.10,5815,13.62,29688,69.55,7185,16.83
" "," 03布袋鎮",61.7307,23,375,9999,27575,14097,13478,41,55,-0.51,16,24,-0.29,2.76,104.59,446.70,2398,8.70,19918,72.23,5259,19.07
" "," 04大林鎮",64.1663,21,317,11372,31469,16106,15363,62,81,-0.60,13,27,-0.44,2.77,104.84,490.43,3226,10.25,22029,70.00,6214,19.75
" "," 05民雄鄉",85.4969,28,522,24640,71859,36791,35068,180,213,-0.46,39,39,-,2.92,104.91,840.49,8195,11.40,53726,74.77,9938,13.83
" "," 06溪口鄉",33.0463,14,205,5372,14997,8004,6993,19,34,-1.00,3,10,-0.47,2.79,114.46,453.82,1298,8.66,10331,68.89,3368,22.46
" "," 07新港鄉",66.0495,23,380,10663,32536,17133,15403,51,86,-1.08,18,20,-0.06,3.05,111.23,492.60,3775,11.60,22482,69.10,6279,19.30
" "," 08六腳鄉",62.2619,25,328,8953,23888,12710,11178,51,77,-1.09,14,21,-0.29,2.67,113.71,383.67,1859,7.78,16099,67.39,5930,24.82
" "," 09東石鄉",81.5821,23,357,9308,25412,13477,11935,38,63,-0.98,12,28,-0.63,2.73,112.92,311.49,2331,9.17,17506,68.89,5575,21.94
" "," 10義竹鄉",79.2925,22,311,7492,18917,9835,9082,39,39,-,11,16,-0.26,2.52,108.29,238.57,1414,7.47,13031,68.89,4472,23.64
" "," 11鹿草鄉",54.3151,15,255,5802,15904,8540,7364,32,34,-0.13,3,21,-1.13,2.74,115.97,292.81,1235,7.77,10852,68.23,3817,24.00
" "," 12水上鄉",69.1198,26,409,18000,50197,25885,24312,186,162,0.48,17,41,-0.48,2.79,106.47,726.23,4477,8.92,37957,75.62,7763,15.47
" "," 13中埔鄉",129.5016,22,375,15969,45472,23633,21839,128,143,-0.33,14,26,-0.26,2.85,108.21,351.13,4497,9.89,34047,74.87,6928,15.24
" "," 14竹崎鄉",162.2256,24,407,11736,36313,19391,16922,49,84,-0.96,21,34,-0.36,3.09,114.59,223.84,3569,9.83,26270,72.34,6474,17.83
" "," 15梅山鄉",119.7571,18,200,6774,19824,10552,9272,22,53,-1.56,9,15,-0.30,2.93,113.80,165.54,1829,9.23,13851,69.87,4144,20.90
" "," 16番路鄉",117.5269,11,115,4297,11741,6346,5395,24,35,-0.94,7,11,-0.34,2.73,117.63,99.90,1093,9.31,8526,72.62,2122,18.07
" "," 17大埔鄉",173.2472,5,49,1939,4590,2386,2204,8,17,-1.96,4,2,0.44,2.37,108.26,26.49,509,11.09,3436,74.86,645,14.05
" "," 18阿里山鄉",427.8471,12,78,1956,5675,3009,2666,11,6,0.88,5,7,-0.35,2.90,112.87,13.26,782,13.78,4121,72.62,772,13.60
"2016M10"
" "," 嘉義縣",1903.6367,357,5367,182406,516218,268567,247651,1142,1246,-0.20,254,463,-0.40,2.83,108.45,271.17,53304,10.33,371114,71.89,91800,17.78
" "," 01太保市",66.8964,18,260,12621,37485,19258,18227,89,75,0.37,23,26,-0.08,2.97,105.66,560.34,5185,13.83,27608,73.65,4692,12.52
" "," 02朴子市",49.5737,27,424,15627,42666,21605,21061,117,116,0.02,17,40,-0.54,2.73,102.58,860.66,5778,13.54,29681,69.57,7207,16.89
" "," 03布袋鎮",61.7307,23,375,9993,27554,14076,13478,37,49,-0.44,11,20,-0.33,2.76,104.44,446.36,2384,8.65,19893,72.20,5277,19.15
" "," 04大林鎮",64.1663,21,317,11361,31447,16085,15362,56,63,-0.22,19,34,-0.48,2.77,104.71,490.09,3220,10.24,22002,69.97,6225,19.80
" "," 05民雄鄉",85.4969,28,522,24629,71854,36789,35065,193,191,0.03,39,46,-0.10,2.92,104.92,840.43,8164,11.36,53709,74.75,9981,13.89
" "," 06溪口鄉",33.0463,14,205,5372,14994,8008,6986,26,24,0.13,5,10,-0.33,2.79,114.63,453.73,1292,8.62,10319,68.82,3383,22.56
" "," 07新港鄉",66.0495,23,380,10654,32499,17114,15385,48,73,-0.77,18,30,-0.37,3.05,111.24,492.04,3753,11.55,22451,69.08,6295,19.37
" "," 08六腳鄉",62.2619,25,328,8936,23853,12690,11163,51,56,-0.21,6,36,-1.26,2.67,113.68,383.11,1858,7.79,16069,67.37,5926,24.84
" "," 09東石鄉",81.5821,23,357,9296,25368,13457,11911,41,74,-1.30,15,26,-0.43,2.73,112.98,310.95,2311,9.11,17482,68.91,5575,21.98
" "," 10義竹鄉",79.2925,22,311,7482,18898,9817,9081,27,38,-0.58,13,21,-0.42,2.53,108.10,238.33,1410,7.46,13002,68.80,4486,23.74
" "," 11鹿草鄉",54.3151,15,255,5790,15869,8522,7347,25,41,-1.01,5,24,-1.20,2.74,115.99,292.17,1227,7.73,10820,68.18,3822,24.08
" "," 12水上鄉",69.1198,26,409,17991,50156,25868,24288,160,172,-0.24,17,46,-0.58,2.79,106.51,725.64,4456,8.88,37921,75.61,7779,15.51
" "," 13中埔鄉",129.5016,22,375,15964,45472,23630,21842,136,123,0.29,21,34,-0.29,2.85,108.19,351.13,4490,9.87,34026,74.83,6956,15.30
" "," 14竹崎鄉",162.2256,24,407,11736,36300,19379,16921,57,62,-0.14,20,28,-0.22,3.09,114.53,223.76,3560,9.81,26236,72.28,6504,17.92
" "," 15梅山鄉",119.7571,18,200,6772,19799,10536,9263,26,43,-0.86,11,19,-0.40,2.92,113.74,165.33,1831,9.25,13810,69.75,4158,21.00
" "," 16番路鄉",117.5269,11,115,4289,11734,6336,5398,29,27,0.17,6,15,-0.77,2.74,117.38,99.84,1093,9.31,8526,72.66,2115,18.02
" "," 17大埔鄉",173.2472,5,49,1938,4597,2390,2207,15,10,1.09,5,3,0.44,2.37,108.29,26.53,512,11.14,3438,74.79,647,14.07
" "," 18阿里山鄉",427.8471,12,78,1955,5673,3007,2666,9,9,-,3,5,-0.35,2.90,112.79,13.26,780,13.75,4121,72.64,772,13.61
"2016M11"
" "," 嘉義縣",1903.6367,357,5368,182482,515835,268363,247472,1146,1320,-0.34,266,475,-0.40,2.83,108.44,270.97,53145,10.30,370654,71.86,92036,17.84
" "," 01太保市",66.8964,18,260,12644,37523,19261,18262,144,92,1.39,15,29,-0.37,2.97,105.47,560.91,5180,13.80,27637,73.65,4706,12.54
" "," 02朴子市",49.5737,27,424,15646,42619,21576,21043,96,132,-0.84,22,33,-0.26,2.72,102.53,859.71,5738,13.46,29642,69.55,7239,16.99
" "," 03布袋鎮",61.7307,23,375,9997,27530,14071,13459,47,67,-0.73,19,23,-0.15,2.75,104.55,445.97,2379,8.64,19852,72.11,5299,19.25
" "," 04大林鎮",64.1663,21,317,11363,31420,16073,15347,60,69,-0.29,20,38,-0.57,2.77,104.73,489.67,3225,10.26,21967,69.91,6228,19.82
" "," 05民雄鄉",85.4969,28,522,24669,71853,36788,35065,175,175,-,41,42,-0.01,2.91,104.91,840.42,8149,11.34,53693,74.73,10011,13.93
" "," 06溪口鄉",33.0463,14,205,5373,14975,8000,6975,28,39,-0.73,10,18,-0.53,2.79,114.70,453.15,1290,8.61,10300,68.78,3385,22.60
" "," 07新港鄉",66.0495,23,380,10658,32441,17080,15361,43,76,-1.02,13,38,-0.77,3.04,111.19,491.16,3715,11.45,22418,69.10,6308,19.44
" "," 08六腳鄉",62.2619,25,328,8938,23836,12678,11158,63,53,0.42,9,36,-1.13,2.67,113.62,382.83,1861,7.81,16040,67.29,5935,24.90
" "," 09東石鄉",81.5821,23,357,9295,25338,13446,11892,45,55,-0.39,15,35,-0.79,2.73,113.07,310.58,2311,9.12,17445,68.85,5582,22.03
" "," 10義竹鄉",79.2925,22,311,7475,18869,9802,9067,17,37,-1.06,9,18,-0.48,2.52,108.11,237.97,1399,7.41,12978,68.78,4492,23.81
" "," 11鹿草鄉",54.3151,15,255,5784,15841,8512,7329,25,39,-0.88,5,19,-0.88,2.74,116.14,291.65,1223,7.72,10786,68.09,3832,24.19
" "," 12水上鄉",69.1198,26,409,17989,50078,25835,24243,132,185,-1.06,18,43,-0.50,2.78,106.57,724.51,4437,8.86,37826,75.53,7815,15.61
" "," 13中埔鄉",129.5016,22,375,15956,45451,23625,21826,116,129,-0.29,25,33,-0.18,2.85,108.24,350.97,4476,9.85,33997,74.80,6978,15.35
" "," 14竹崎鄉",162.2256,24,408,11739,36262,19348,16914,70,94,-0.66,16,30,-0.39,3.09,114.39,223.53,3539,9.76,26195,72.24,6528,18.00
" "," 15梅山鄉",119.7571,18,200,6774,19811,10543,9268,46,24,1.11,8,18,-0.50,2.92,113.76,165.43,1830,9.24,13821,69.76,4160,21.00
" "," 16番路鄉",117.5269,11,115,4283,11710,6333,5377,19,37,-1.54,7,13,-0.51,2.73,117.78,99.64,1100,9.39,8493,72.53,2117,18.08
" "," 17大埔鄉",173.2472,5,49,1944,4605,2390,2215,14,7,1.52,5,4,0.22,2.37,107.90,26.58,512,11.12,3444,74.79,649,14.09
" "," 18阿里山鄉",427.8471,12,78,1955,5673,3002,2671,6,10,-0.71,9,5,0.71,2.90,112.39,13.26,781,13.77,4120,72.62,772,13.61
"2016M12"
" "," 嘉義縣",1903.6367,357,5371,182488,515320,268109,247211,1087,1388,-0.58,264,478,-0.42,2.82,108.45,270.70,52919,10.27,370167,71.83,92234,17.90
" "," 01太保市",66.8964,18,260,12664,37497,19255,18242,106,121,-0.40,16,27,-0.29,2.96,105.55,560.52,5152,13.74,27628,73.68,4717,12.58
" "," 02朴子市",49.5737,27,428,15635,42585,21542,21043,103,117,-0.33,26,46,-0.47,2.72,102.37,859.02,5723,13.44,29626,69.57,7236,16.99
" "," 03布袋鎮",61.7307,23,375,9996,27509,14058,13451,40,47,-0.25,18,32,-0.51,2.75,104.51,445.63,2375,8.63,19823,72.06,5311,19.31
" "," 04大林鎮",64.1663,21,317,11359,31379,16058,15321,54,81,-0.86,12,26,-0.45,2.76,104.81,489.03,3203,10.21,21938,69.91,6238,19.88
" "," 05民雄鄉",85.4969,28,522,24683,71834,36802,35032,182,195,-0.18,40,46,-0.08,2.91,105.05,840.19,8141,11.33,53633,74.66,10060,14.00
" "," 06溪口鄉",33.0463,14,205,5372,14933,7992,6941,16,41,-1.67,5,22,-1.14,2.78,115.14,451.88,1270,8.50,10286,68.88,3377,22.61
" "," 07新港鄉",66.0495,23,380,10658,32385,17049,15336,60,92,-0.99,11,35,-0.74,3.04,111.17,490.31,3681,11.37,22386,69.12,6318,19.51
" "," 08六腳鄉",62.2619,25,328,8928,23787,12656,11131,37,59,-0.92,8,35,-1.13,2.66,113.70,382.05,1847,7.76,16012,67.31,5928,24.92
" "," 09東石鄉",81.5821,23,357,9290,25307,13423,11884,34,49,-0.59,12,28,-0.63,2.72,112.95,310.20,2297,9.08,17423,68.85,5587,22.08
" "," 10義竹鄉",79.2925,22,311,7464,18822,9776,9046,21,49,-1.49,11,30,-1.01,2.52,108.07,237.37,1388,7.37,12939,68.74,4495,23.88
" "," 11鹿草鄉",54.3151,15,255,5784,15808,8497,7311,26,47,-1.33,8,20,-0.76,2.73,116.22,291.04,1212,7.67,10758,68.05,3838,24.28
" "," 12水上鄉",69.1198,26,409,18020,50084,25835,24249,162,147,0.30,27,36,-0.18,2.78,106.54,724.60,4429,8.84,37803,75.48,7852,15.68
" "," 13中埔鄉",129.5016,22,375,15954,45395,23595,21800,121,165,-0.97,24,36,-0.26,2.85,108.23,350.54,4471,9.85,33917,74.72,7007,15.44
" "," 14竹崎鄉",162.2256,24,407,11733,36226,19327,16899,48,83,-0.97,24,25,-0.03,3.09,114.37,223.31,3519,9.71,26167,72.23,6540,18.05
" "," 15梅山鄉",119.7571,18,200,6776,19800,10535,9265,36,43,-0.35,9,13,-0.20,2.92,113.71,165.33,1828,9.23,13796,69.68,4176,21.09
" "," 16番路鄉",117.5269,11,115,4279,11695,6320,5375,28,30,-0.17,4,17,-1.11,2.73,117.58,99.51,1101,9.41,8474,72.46,2120,18.13
" "," 17大埔鄉",173.2472,5,49,1940,4610,2390,2220,8,8,-,6,1,1.09,2.38,107.66,26.61,510,11.06,3444,74.71,656,14.23
" "," 18阿里山鄉",427.8471,12,78,1953,5664,2999,2665,5,14,-1.59,3,3,-,2.90,112.53,13.24,772,13.63,4114,72.63,778,13.74
"2017M01"
" "," 嘉義縣",1903.6367,357,5371,182469,515012,267927,247085,983,1033,-0.10,201,459,-0.50,2.82,108.44,270.54,52652,10.22,369805,71.81,92555,17.97
" "," 01太保市",66.8964,18,260,12685,37536,19269,18267,116,71,1.20,19,25,-0.16,2.96,105.49,561.11,5142,13.70,27663,73.70,4731,12.60
" "," 02朴子市",49.5737,27,428,15646,42597,21542,21055,108,85,0.54,21,32,-0.26,2.72,102.31,859.27,5721,13.43,29614,69.52,7262,17.05
" "," 03布袋鎮",61.7307,23,375,9990,27490,14053,13437,48,47,0.04,9,29,-0.73,2.75,104.58,445.32,2363,8.60,19803,72.04,5324,19.37
" "," 04大林鎮",64.1663,21,317,11361,31391,16049,15342,67,38,0.92,8,25,-0.54,2.76,104.61,489.21,3190,10.16,21949,69.92,6252,19.92
" "," 05民雄鄉",85.4969,28,522,24703,71835,36812,35023,161,141,0.28,33,52,-0.26,2.91,105.11,840.21,8127,11.31,53591,74.60,10117,14.08
" "," 06溪口鄉",33.0463,14,205,5368,14906,7976,6930,12,31,-1.27,4,12,-0.54,2.78,115.09,451.06,1255,8.42,10265,68.86,3386,22.72
" "," 07新港鄉",66.0495,23,380,10642,32346,17034,15312,41,61,-0.62,10,29,-0.59,3.04,111.25,489.72,3671,11.35,22339,69.06,6336,19.59
" "," 08六腳鄉",62.2619,25,328,8926,23737,12630,11107,32,62,-1.26,7,27,-0.84,2.66,113.71,381.24,1818,7.66,15975,67.30,5944,25.04
" "," 09東石鄉",81.5821,23,357,9275,25247,13392,11855,37,66,-1.15,8,39,-1.23,2.72,112.96,309.47,2269,8.99,17386,68.86,5592,22.15
" "," 10義竹鄉",79.2925,22,311,7455,18782,9757,9025,19,38,-1.01,6,27,-1.12,2.52,108.11,236.87,1356,7.22,12925,68.82,4501,23.96
" "," 11鹿草鄉",54.3151,15,255,5781,15790,8476,7314,26,32,-0.38,4,16,-0.76,2.73,115.89,290.71,1200,7.60,10747,68.06,3843,24.34
" "," 12水上鄉",69.1198,26,409,18018,50049,25817,24232,115,138,-0.46,23,35,-0.24,2.78,106.54,724.09,4417,8.83,37740,75.41,7892,15.77
" "," 13中埔鄉",129.5016,22,375,15960,45353,23572,21781,66,96,-0.66,16,28,-0.26,2.84,108.22,350.21,4437,9.78,33854,74.65,7062,15.57
" "," 14竹崎鄉",162.2256,24,407,11722,36225,19320,16905,63,38,0.69,12,38,-0.72,3.09,114.29,223.30,3498,9.66,26164,72.23,6563,18.12
" "," 15梅山鄉",119.7571,18,200,6768,19774,10521,9253,26,37,-0.56,8,23,-0.76,2.92,113.70,165.12,1817,9.19,13765,69.61,4192,21.20
" "," 16番路鄉",117.5269,11,115,4277,11687,6318,5369,25,23,0.17,2,12,-0.86,2.73,117.68,99.44,1092,9.34,8474,72.51,2121,18.15
" "," 17大埔鄉",173.2472,5,49,1940,4604,2388,2216,12,18,-1.30,4,4,-,2.37,107.76,26.57,504,10.95,3439,74.70,661,14.36
" "," 18阿里山鄉",427.8471,12,78,1952,5663,3001,2662,9,11,-0.35,7,6,0.18,2.90,112.73,13.24,775,13.69,4112,72.61,776,13.70
"2017M02"
" "," 嘉義縣",1903.6367,357,5373,182463,514717,267801,246916,1260,1339,-0.15,229,445,-0.42,2.82,108.46,270.39,52430,10.19,369487,71.78,92800,18.03
" "," 01太保市",66.8964,18,260,12704,37537,19275,18262,124,122,0.05,18,19,-0.03,2.95,105.55,561.12,5123,13.65,27668,73.71,4746,12.64
" "," 02朴子市",49.5737,27,430,15638,42608,21562,21046,136,116,0.47,18,27,-0.21,2.72,102.45,859.49,5720,13.42,29614,69.50,7274,17.07
" "," 03布袋鎮",61.7307,23,375,9988,27451,14036,13415,51,72,-0.76,15,33,-0.66,2.75,104.63,444.69,2341,8.53,19777,72.04,5333,19.43
" "," 04大林鎮",64.1663,21,317,11361,31382,16059,15323,81,82,-0.03,10,18,-0.25,2.76,104.80,489.07,3179,10.13,21926,69.87,6277,20.00
" "," 05民雄鄉",85.4969,28,522,24703,71836,36804,35032,206,185,0.29,32,52,-0.28,2.91,105.06,840.22,8121,11.30,53581,74.59,10134,14.11
" "," 06溪口鄉",33.0463,14,205,5370,14887,7960,6927,31,36,-0.34,5,19,-0.94,2.77,114.91,450.49,1246,8.37,10246,68.83,3395,22.81
" "," 07新港鄉",66.0495,23,380,10635,32326,17021,15305,75,75,-,15,35,-0.62,3.04,111.21,489.42,3679,11.38,22301,68.99,6346,19.63
" "," 08六腳鄉",62.2619,25,328,8917,23690,12605,11085,45,67,-0.93,9,34,-1.05,2.66,113.71,380.49,1794,7.57,15956,67.35,5940,25.07
" "," 09東石鄉",81.5821,23,357,9270,25219,13374,11845,54,60,-0.24,11,33,-0.87,2.72,112.91,309.12,2247,8.91,17370,68.88,5602,22.21
" "," 10義竹鄉",79.2925,22,311,7448,18752,9744,9008,25,42,-0.91,2,15,-0.69,2.52,108.17,236.49,1338,7.14,12912,68.86,4502,24.01
" "," 11鹿草鄉",54.3151,15,255,5773,15758,8461,7297,23,39,-1.01,3,19,-1.01,2.73,115.95,290.12,1184,7.51,10729,68.09,3845,24.40
" "," 12水上鄉",69.1198,26,409,18032,50054,25831,24223,155,135,0.40,22,37,-0.30,2.78,106.64,724.16,4394,8.78,37739,75.40,7921,15.82
" "," 13中埔鄉",129.5016,22,375,15967,45334,23568,21766,131,136,-0.11,23,37,-0.31,2.84,108.28,350.07,4422,9.75,33818,74.60,7094,15.65
" "," 14竹崎鄉",162.2256,24,407,11725,36197,19301,16896,62,79,-0.47,20,31,-0.30,3.09,114.23,223.13,3486,9.63,26107,72.12,6604,18.24
" "," 15梅山鄉",119.7571,18,200,6765,19743,10506,9237,19,34,-0.76,7,23,-0.81,2.92,113.74,164.86,1807,9.15,13734,69.56,4202,21.28
" "," 16番路鄉",117.5269,11,115,4273,11682,6315,5367,22,29,-0.60,11,9,0.17,2.73,117.66,99.40,1087,9.30,8457,72.39,2138,18.30
" "," 17大埔鄉",173.2472,5,49,1943,4595,2381,2214,8,18,-2.17,4,3,0.22,2.36,107.54,26.52,493,10.73,3431,74.67,671,14.60
" "," 18阿里山鄉",427.8471,12,78,1951,5666,2998,2668,12,12,-,4,1,0.53,2.90,112.37,13.24,769,13.57,4121,72.73,776,13.70
"2017M03"
" "," 嘉義縣",1903.6367,357,5373,182517,514134,267511,246623,1418,1706,-0.56,268,563,-0.57,2.82,108.47,270.08,52090,10.13,369123,71.80,92921,18.07
" "," 01太保市",66.8964,18,260,12732,37568,19295,18273,147,118,0.77,27,25,0.05,2.95,105.59,561.58,5119,13.63,27690,73.71,4759,12.67
" "," 02朴子市",49.5737,27,430,15655,42594,21558,21036,163,151,0.28,23,49,-0.61,2.72,102.48,859.21,5736,13.47,29582,69.45,7276,17.08
" "," 03布袋鎮",61.7307,23,375,9987,27397,14003,13394,59,85,-0.95,9,37,-1.02,2.74,104.55,443.81,2327,8.49,19739,72.05,5331,19.46
" "," 04大林鎮",64.1663,21,317,11363,31332,16040,15292,71,90,-0.61,8,39,-0.99,2.76,104.89,488.29,3151,10.06,21900,69.90,6281,20.05
" "," 05民雄鄉",85.4969,28,522,24722,71845,36802,35043,235,204,0.43,27,49,-0.31,2.91,105.02,840.32,8079,11.24,53605,74.61,10161,14.14
" "," 06溪口鄉",33.0463,14,205,5365,14862,7946,6916,21,38,-1.14,9,17,-0.54,2.77,114.89,449.73,1222,8.22,10240,68.90,3400,22.88
" "," 07新港鄉",66.0495,23,380,10633,32328,17018,15310,90,74,0.49,15,29,-0.43,3.04,111.16,489.45,3677,11.37,22297,68.97,6354,19.65
" "," 08六腳鄉",62.2619,25,328,8915,23606,12559,11047,40,93,-2.24,6,37,-1.31,2.65,113.69,379.14,1752,7.42,15923,67.45,5931,25.12
" "," 09東石鄉",81.5821,23,357,9266,25162,13337,11825,57,90,-1.31,19,43,-0.95,2.72,112.79,308.43,2222,8.83,17346,68.94,5594,22.23
" "," 10義竹鄉",79.2925,22,311,7441,18727,9731,8996,38,40,-0.11,6,29,-1.23,2.52,108.17,236.18,1317,7.03,12905,68.91,4505,24.06
" "," 11鹿草鄉",54.3151,15,255,5767,15723,8432,7291,32,49,-1.08,6,24,-1.14,2.73,115.65,289.48,1169,7.44,10711,68.12,3843,24.44
" "," 12水上鄉",69.1198,26,409,18052,49951,25794,24157,152,228,-1.52,26,53,-0.54,2.77,106.78,722.67,4345,8.70,37667,75.41,7939,15.89
" "," 13中埔鄉",129.5016,22,375,15979,45265,23548,21717,143,194,-1.13,27,45,-0.40,2.83,108.43,349.53,4363,9.64,33796,74.66,7106,15.70
" "," 14竹崎鄉",162.2256,24,407,11712,36142,19282,16860,80,124,-1.22,28,39,-0.30,3.09,114.37,222.79,3478,9.62,26032,72.03,6632,18.35
" "," 15梅山鄉",119.7571,18,200,6764,19714,10486,9228,31,49,-0.91,10,21,-0.56,2.91,113.63,164.62,1799,9.13,13698,69.48,4217,21.39
" "," 16番路鄉",117.5269,11,115,4273,11672,6305,5367,42,45,-0.26,10,17,-0.60,2.73,117.48,99.31,1080,9.25,8456,72.45,2136,18.30
" "," 17大埔鄉",173.2472,5,49,1943,4589,2380,2209,8,16,-1.74,6,4,0.44,2.36,107.74,26.49,489,10.66,3425,74.64,675,14.71
" "," 18阿里山鄉",427.8471,12,78,1948,5657,2995,2662,9,18,-1.59,6,6,0.00,2.90,112.51,13.22,765,13.52,4111,72.67,781,13.81
"2017M04"
" "," 嘉義縣",1903.6367,357,5373,182596,513772,267350,246422,1228,1413,-0.36,210,387,-0.34,2.81,108.49,269.89,51826,10.09,368826,71.79,93120,18.12
" "," 01太保市",66.8964,18,260,12753,37586,19309,18277,118,107,0.29,19,12,0.19,2.95,105.65,561.85,5108,13.59,27692,73.68,4786,12.73
" "," 02朴子市",49.5737,27,430,15671,42587,21558,21029,115,118,-0.07,24,28,-0.09,2.72,102.52,859.06,5725,13.44,29579,69.46,7283,17.10
" "," 03布袋鎮",61.7307,23,375,9984,27374,13978,13396,47,56,-0.33,7,21,-0.51,2.74,104.34,443.44,2327,8.50,19706,71.99,5341,19.51
" "," 04大林鎮",64.1663,21,317,11381,31329,16031,15298,86,78,0.26,16,27,-0.35,2.75,104.79,488.25,3146,10.04,21887,69.86,6296,20.10
" "," 05民雄鄉",85.4969,28,522,24734,71798,36793,35005,186,196,-0.14,20,57,-0.52,2.90,105.11,839.77,8041,11.20,53566,74.61,10191,14.19
" "," 06溪口鄉",33.0463,14,205,5367,14860,7949,6911,27,24,0.20,8,13,-0.34,2.77,115.02,449.67,1215,8.18,10240,68.91,3405,22.91
" "," 07新港鄉",66.0495,23,380,10629,32302,17007,15295,81,84,-0.09,8,31,-0.71,3.04,111.19,489.06,3667,11.35,22290,69.00,6345,19.64
" "," 08六腳鄉",62.2619,25,328,8916,23563,12526,11037,49,78,-1.23,6,20,-0.59,2.64,113.49,378.45,1722,7.31,15895,67.46,5946,25.23
" "," 09東石鄉",81.5821,23,357,9262,25125,13317,11808,57,74,-0.68,8,28,-0.80,2.71,112.78,307.97,2198,8.75,17339,69.01,5588,22.24
" "," 10義竹鄉",79.2925,22,311,7445,18697,9721,8976,39,55,-0.86,5,19,-0.75,2.51,108.30,235.80,1308,7.00,12881,68.89,4508,24.11
" "," 11鹿草鄉",54.3151,15,255,5770,15692,8425,7267,26,49,-1.46,6,14,-0.51,2.72,115.94,288.91,1152,7.34,10694,68.15,3846,24.51
" "," 12水上鄉",69.1198,26,409,18059,49915,25773,24142,154,168,-0.28,21,43,-0.44,2.76,106.76,722.15,4323,8.66,37645,75.42,7947,15.92
" "," 13中埔鄉",129.5016,22,375,15987,45234,23538,21696,114,135,-0.46,19,29,-0.22,2.83,108.49,349.29,4325,9.56,33778,74.67,7131,15.76
" "," 14竹崎鄉",162.2256,24,407,11716,36131,19271,16860,62,80,-0.50,24,17,0.19,3.08,114.30,222.72,3465,9.59,26001,71.96,6665,18.45
" "," 15梅山鄉",119.7571,18,200,6769,19689,10482,9207,30,51,-1.07,7,11,-0.20,2.91,113.85,164.41,1785,9.07,13666,69.41,4238,21.52
" "," 16番路鄉",117.5269,11,115,4265,11668,6308,5360,29,30,-0.09,5,8,-0.26,2.74,117.69,99.28,1075,9.21,8449,72.41,2144,18.38
" "," 17大埔鄉",173.2472,5,49,1945,4581,2377,2204,8,18,-2.18,4,2,0.44,2.36,107.85,26.44,482,10.52,3421,74.68,678,14.80
" "," 18阿里山鄉",427.8471,12,78,1943,5641,2987,2654,0,12,-2.12,3,7,-0.71,2.90,112.55,13.18,762,13.51,4097,72.63,782,13.86
"2017M05"
" "," 嘉義縣",1903.6367,357,5373,182645,513393,267174,246219,1217,1342,-0.24,217,471,-0.49,2.81,108.51,269.69,51630,10.06,368511,71.78,93252,18.16
" "," 01太保市",66.8964,18,260,12781,37584,19320,18264,121,109,0.32,10,24,-0.37,2.94,105.78,561.82,5091,13.55,27692,73.68,4801,12.77
" "," 02朴子市",49.5737,27,430,15677,42559,21542,21017,106,123,-0.40,20,31,-0.26,2.71,102.50,858.50,5707,13.41,29565,69.47,7287,17.12
" "," 03布袋鎮",61.7307,23,375,9980,27332,13961,13371,48,68,-0.73,12,34,-0.80,2.74,104.41,442.76,2316,8.47,19678,72.00,5338,19.53
" "," 04大林鎮",64.1663,21,317,11378,31307,16025,15282,65,79,-0.45,15,23,-0.26,2.75,104.86,487.90,3124,9.98,21874,69.87,6309,20.15
" "," 05民雄鄉",85.4969,28,522,24756,71787,36783,35004,212,191,0.29,27,59,-0.45,2.90,105.08,839.64,8009,11.16,53555,74.60,10223,14.24
" "," 06溪口鄉",33.0463,14,205,5371,14850,7944,6906,38,44,-0.40,11,15,-0.27,2.76,115.03,449.37,1215,8.18,10228,68.88,3407,22.94
" "," 07新港鄉",66.0495,23,380,10635,32242,16979,15263,55,90,-1.08,9,34,-0.77,3.03,111.24,488.15,3636,11.28,22260,69.04,6346,19.68
" "," 08六腳鄉",62.2619,25,328,8912,23531,12511,11020,59,68,-0.38,10,33,-0.98,2.64,113.53,377.94,1714,7.28,15879,67.48,5938,25.23
" "," 09東石鄉",81.5821,23,357,9266,25108,13315,11793,61,58,0.12,13,33,-0.80,2.71,112.91,307.76,2200,8.76,17315,68.96,5593,22.28
" "," 10義竹鄉",79.2925,22,311,7443,18666,9706,8960,26,42,-0.86,6,21,-0.80,2.51,108.33,235.41,1296,6.94,12866,68.93,4504,24.13
" "," 11鹿草鄉",54.3151,15,255,5776,15676,8426,7250,29,38,-0.57,4,11,-0.45,2.71,116.22,288.61,1145,7.30,10680,68.13,3851,24.57
" "," 12水上鄉",69.1198,26,409,18073,49922,25760,24162,145,118,0.54,19,39,-0.40,2.76,106.61,722.25,4308,8.63,37648,75.41,7966,15.96
" "," 13中埔鄉",129.5016,22,375,15976,45190,23505,21685,114,133,-0.42,18,43,-0.55,2.83,108.39,348.95,4321,9.56,33717,74.61,7152,15.83
" "," 14竹崎鄉",162.2256,24,407,11711,36082,19245,16837,50,82,-0.89,19,36,-0.47,3.08,114.30,222.42,3441,9.54,25956,71.94,6685,18.53
" "," 15梅山鄉",119.7571,18,200,6758,19660,10477,9183,31,51,-1.02,11,20,-0.46,2.91,114.09,164.17,1784,9.07,13635,69.35,4241,21.57
" "," 16番路鄉",117.5269,11,115,4265,11672,6314,5358,33,27,0.51,6,8,-0.17,2.74,117.84,99.31,1075,9.21,8450,72.40,2147,18.39
" "," 17大埔鄉",173.2472,5,49,1946,4592,2381,2211,17,10,1.52,5,1,0.87,2.36,107.69,26.51,486,10.58,3423,74.54,683,14.87
" "," 18阿里山鄉",427.8471,12,78,1941,5633,2980,2653,7,11,-0.71,2,6,-0.71,2.90,112.33,13.17,762,13.53,4090,72.61,781,13.86

